Course Name,State,Tee Colour,Gender,Slope Rating,Course Rating,Par Total,Hole 1 Par,Hole 1 SI,Hole 2 Par,Hole 2 SI,Hole 3 Par,Hole 3 SI,Hole 4 Par,Hole 4 SI,Hole 5 Par,Hole 5 SI,Hole 6 Par,Hole 6 SI,Hole 7 Par,Hole 7 SI,Hole 8 Par,Hole 8 SI,Hole 9 Par,Hole 9 SI,Hole 10 Par,Hole 10 SI,Hole 11 Par,Hole 11 SI,Hole 12 Par,Hole 12 SI,Hole 13 Par,Hole 13 SI,Hole 14 Par,Hole 14 SI,Hole 15 Par,Hole 15 SI,Hole 16 Par,Hole 16 SI,Hole 17 Par,Hole 17 SI,Hole 18 Par,Hole 18 SI
Beverley Park,NSW,Blue,Male,122,69.1,70,5,12,4,4,3,15,4,14,4,9,4,10,4,3,4,8,4,5,4,11,3,7,5,2,3,16,4,13,4,17,4,1,3,6,4,18
Beverley Park,NSW,Red,Male,123,71.8,70,5,9,4,10,3,2,4,18,4,13,4,11,4,3,4,7,4,5,4,14,3,4,5,17,3,12,4,6,4,15,4,1,3,8,4,16
Beverley Park,NSW,White,Female,131,74.3,72,5,2,4,15,4,18,4,8,4,4,4,5,4,3,4,13,4,10,4,9,4,11,5,1,3,17,4,7,4,12,4,6,3,14,4,16
Beverley Park,NSW,Red,Female,124,74.4,72,5,2,4,15,4,18,4,8,4,4,4,5,4,3,4,13,4,10,4,9,4,11,5,1,3,17,4,7,4,12,4,6,3,14,4,16
Coolangatta Tweed River,NSW,Blue,Male,120,71.5,72,5,12,4,16,3,18,4,2,4,14,5,8,3,10,4,6,4,4,3,15,4,13,4,11,4,5,5,17,4,1,4,3,3,7,5,9
Coolangatta Tweed River,NSW,White,Male,119,70.9,72,5,12,4,16,3,18,4,2,4,14,5,8,3,10,4,6,4,4,3,15,4,13,4,11,4,5,5,17,4,1,4,3,3,7,5,9
Coolangatta Tweed River,NSW,Yellow,Male,117,69.5,72,5,12,4,16,3,18,4,2,4,14,5,8,3,10,4,6,4,4,3,15,4,13,4,11,4,5,5,17,4,1,4,3,3,7,5,9
Coolangatta Tweed River,NSW,Red,Female,127,73.4,73,5,8,4,10,3,16,4,4,4,14,5,12,3,18,4,2,4,6,3,15,4,11,4,7,4,5,5,9,5,13,4,3,3,17,5,1
Coolangatta Tweed West,NSW,Blue,Male,129,71.6,72,5,10,4,4,3,8,5,16,4,2,3,14,4,12,3,18,5,6,5,15,4,3,4,1,4,7,4,13,3,17,4,5,3,11,5,9
Coolangatta Tweed West,NSW,White,Male,128,70.6,72,5,10,4,4,3,8,5,16,4,2,3,14,4,12,3,18,5,6,5,15,4,3,4,1,4,7,4,13,3,17,4,5,3,11,5,9
Coolangatta Tweed West,NSW,Yellow,Male,125,69.9,72,5,10,4,4,3,8,5,16,4,2,3,14,4,12,3,18,5,6,5,15,4,3,4,1,4,7,4,13,3,17,4,5,3,11,5,9
Coolangatta Tweed West,NSW,Red,Female,128,73.9,72,5,10,4,4,3,8,5,16,4,2,3,14,4,12,3,18,5,6,5,15,4,3,4,1,4,7,4,13,3,17,4,5,3,11,5,9
Maclean Golf Club,NSW,Members,Male,128,71.4,72,5,18,3,12,4,4,4,6,4,10,4,8,3,14,4,2,4,16,4,15,3,17,4,3,5,13,5,11,4,5,4,1,3,7,5,9
Maclean Golf Club,NSW,Ladies,Male,122,71.2,72,5,18,3,12,4,4,4,6,4,10,4,8,3,14,4,2,4,16,4,15,3,17,4,3,5,13,5,11,4,5,4,1,3,7,5,9
Maclean Golf Club,NSW,Members,Female,135,76.4,72,5,5,3,16,4,7,4,9,4,11,4,13,3,17,4,1,4,10,4,12,3,18,4,2,5,3,5,6,4,8,4,4,3,14,5,15
Maclean Golf Club,NSW,Ladies,Female,127,73.8,72,5,5,3,16,4,7,4,9,4,11,4,13,3,17,4,1,4,10,4,12,3,18,4,2,5,3,5,6,4,8,4,4,3,14,5,15
Kareela Golf Club,NSW,Blue,Male,121,64,65,3,9,3,11,4,6,4,4,4,5,4,8,4,15,3,18,3,17,3,2,4,1,3,13,5,10,4,14,4,12,4,3,3,7,3,16
Kareela Golf Club,NSW,Blue,Female,118,70,67,3,9,3,11,4,6,4,4,4,5,4,8,4,15,3,18,3,17,3,2,4,1,3,13,5,10,4,14,4,12,4,3,4,7,4,16
Kareela Golf Club,NSW,Pink,Female,115,68,66,3,9,3,11,4,6,4,4,4,5,4,8,4,15,3,18,3,17,3,2,4,1,3,13,5,10,4,14,4,12,4,3,3,7,4,16
Kareela Golf Club,NSW,Pink,Male,118,63,65,3,9,3,11,4,6,4,4,4,5,4,8,4,15,3,18,3,17,3,2,4,1,3,13,5,10,4,14,4,12,4,3,3,7,3,16
Chinderah Golf Course,NSW,Blue,Male,88,58,61,4,7,3,9,3,5,3,16,3,17,4,6,4,18,3,8,3,13,3,10,4,2,3,14,3,15,4,4,4,3,3,12,4,1,3,11
Chinderah Golf Course,NSW,Red,Female,83,58,61,4,3,3,6,3,18,3,17,3,12,4,4,4,5,3,8,3,13,3,10,4,15,3,14,3,7,4,2,4,1,3,9,4,16,3,11
Woolooware Golf Club,NSW,Black,Male,132,70.1,70,4,3,4,1,4,5,3,17,4,13,4,11,4,9,5,15,3,7,3,18,4,10,5,8,4,2,5,16,4,14,3,12,3,4,4,6
Woolooware Golf Club,NSW,Blue,Male,129,69.1,70,4,3,4,1,4,5,3,17,4,13,4,11,4,9,5,15,3,7,3,18,4,10,5,8,4,2,5,16,4,14,3,12,3,4,4,6
Woolooware Golf Club,NSW,White,Male,124,67.8,70,4,3,4,1,4,5,3,17,4,13,4,11,4,9,5,15,3,7,3,18,4,10,5,8,4,2,5,16,4,14,3,12,3,4,4,6
Woolooware Golf Club,NSW,Yellow,Male,122,66.4,70,4,3,4,1,4,5,3,17,4,13,4,11,4,9,5,15,3,7,3,18,4,10,5,8,4,2,5,16,4,14,3,12,3,4,4,6
Woolooware Golf Club,NSW,Yellow,Female,125,72.7,74,4,3,4,1,4,5,4,17,4,13,4,11,4,9,5,15,3,7,4,18,4,10,5,8,4,2,5,16,4,14,4,12,4,4,4,6
South West Rocks,NSW,White,Male,138,69.8,72,4,4,3,8,5,6,3,10,4,2,4,18,4,14,4,16,5,12,4,11,4,3,5,17,4,5,3,9,4,1,3,13,4,7,5,15
South West Rocks,NSW,White,Female,132,75,72,4,6,3,18,5,8,3,16,4,2,4,14,4,10,4,12,5,4,4,1,4,5,5,9,4,7,3,13,4,3,3,17,4,15,5,11
South West Rocks,NSW,Yellow,Male,127,66.5,72,4,4,3,8,5,6,3,10,4,2,4,18,4,14,4,16,5,12,4,11,4,3,5,17,4,5,3,9,4,1,3,13,4,7,5,15
South West Rocks,NSW,Yellow,Female,135,71.3,72,4,6,3,18,5,8,3,16,4,2,4,14,4,10,4,12,5,4,4,1,4,5,5,9,4,7,3,13,4,3,3,17,4,15,5,11
South West Rocks,NSW,Red,Male,121,70.7,72,4,4,3,8,5,6,3,10,4,2,4,18,4,14,4,16,5,12,4,11,4,3,5,17,4,5,3,9,4,1,3,13,4,7,5,15
South West Rocks,NSW,Red,Female,138,72.7,72,4,6,3,18,5,8,3,16,4,2,4,14,4,10,4,12,5,4,4,1,4,5,5,9,4,7,3,13,4,3,3,17,4,15,5,11
Bankstown Golf Club,NSW,Black,Male,133,72,71,4,12,5,5,3,17,4,4,4,6,5,14,3,13,4,7,4,10,4,1,3,11,5,15,3,16,5,2,3,18,4,3,4,8,4,9
Bankstown Golf Club,NSW,Blue,Male,129,71,71,4,12,5,5,3,17,4,4,4,6,5,14,3,13,4,7,4,10,4,1,3,11,5,15,3,16,5,2,3,18,4,3,4,8,4,9
Bankstown Golf Club,NSW,White,Male,122,70,71,4,12,5,5,3,17,4,4,4,6,5,14,3,13,4,7,4,10,4,1,3,11,5,15,3,16,5,2,3,18,4,3,4,8,4,9
Bankstown Golf Club,NSW,Red,Female,128,74,72,4,12,5,9,3,14,4,6,4,2,5,11,3,4,4,3,4,8,4,1,3,18,5,16,3,13,5,7,4,15,4,5,4,10,4,17
Bankstown Golf Club,NSW,Gold,Female,115,68.1,71,4,12,5,9,3,14,4,6,4,2,5,11,3,4,4,3,4,8,4,1,3,18,5,16,3,13,5,7,3,15,4,5,4,10,4,17
Murwillumbah Golf Club,NSW,Blue,Male,132,72,72,3,15,5,13,4,11,4,5,5,7,4,3,4,1,3,9,4,17,3,16,5,14,4,12,4,6,5,8,4,4,4,2,3,10,4,18
Murwillumbah Golf Club,NSW,White,Male,125,71,72,3,15,5,13,4,11,4,5,5,7,4,3,4,1,3,9,4,17,3,16,5,14,4,12,4,6,5,8,4,4,4,2,3,10,4,18
Murwillumbah Golf Club,NSW,Red,Female,125,74,72,3,17,5,7,4,11,4,13,5,1,4,3,4,5,3,15,4,9,3,18,5,8,4,12,4,14,5,2,4,4,4,6,3,16,4,10
Mullumbimby Golf Club,NSW,Men,Male,125,69.7,70,5,8,4,12,4,2,5,16,3,18,4,6,3,4,4,14,3,10,5,7,4,17,3,13,4,15,4,11,4,1,4,3,3,9,4,5
Mullumbimby Golf Club,NSW,Men,Female,133,75.6,70,5,8,4,12,4,2,5,16,3,18,4,6,3,4,4,14,3,10,5,7,4,17,3,13,4,15,4,11,4,1,4,3,3,9,4,5
Mullumbimby Golf Club,NSW,Ladies,Male,114,66.5,70,5,8,4,12,4,2,5,16,3,18,4,6,3,4,4,14,3,10,5,7,4,17,3,13,4,15,4,11,4,1,4,3,3,9,4,5
Mullumbimby Golf Club,NSW,Ladies,Female,120,71.4,70,5,8,4,12,4,2,5,16,3,18,4,6,3,4,4,14,3,10,5,7,4,17,3,13,4,15,4,11,4,1,4,3,3,9,4,5
Byron Bay Golf Club,NSW,Black,Male,137,74,72,4,1,4,12,4,8,4,5,3,16,5,11,4,3,3,18,5,9,4,4,4,7,3,14,5,6,5,10,4,15,4,13,3,17,4,2
Byron Bay Golf Club,NSW,White,Male,136,72,72,4,1,4,12,4,8,4,5,3,16,5,11,4,3,3,18,5,9,4,4,4,7,3,14,5,6,5,10,4,15,4,13,3,17,4,2
Byron Bay Golf Club,NSW,White TEMP,Male,134,71,72,4,1,4,12,4,8,4,5,3,16,5,11,4,3,3,18,5,9,4,4,4,7,3,14,5,6,5,10,4,15,4,13,3,17,4,2
Byron Bay Golf Club,NSW,White,Female,140,78.6,72,4,7,4,18,4,5,4,1,3,6,5,10,4,4,3,2,5,8,4,12,4,17,3,14,5,3,5,11,4,16,4,13,3,15,4,9
Byron Bay Golf Club,NSW,Red,Male,124,72,72,4,7,4,18,4,5,4,1,3,6,5,10,4,4,3,2,5,8,4,12,4,17,3,14,5,3,5,11,4,16,4,13,3,15,4,9
Byron Bay Golf Club,NSW,Red,Female,133,75,74,4,2,4,16,4,6,5,12,3,14,5,4,4,10,3,18,5,8,5,11,4,1,3,17,5,5,5,7,4,9,4,13,3,15,4,3
The Ridge,NSW,Black,Male,136,73,72,4,15,4,12,4,18,4,4,3,8,5,14,4,11,3,13,5,10,5,5,3,9,4,16,4,6,4,1,3,7,4,3,4,2,5,17
The Ridge,NSW,Blue,Male,130,71,72,4,15,4,12,4,18,4,4,3,8,5,14,4,11,3,13,5,10,5,5,3,9,4,16,4,6,4,1,3,7,4,3,4,2,5,17
The Ridge,NSW,Yellow,Male,127,70,72,4,15,4,14,4,18,4,3,3,6,5,7,4,10,3,12,5,13,5,5,3,11,4,16,4,8,4,1,3,9,4,4,4,2,5,17
The Ridge,NSW,Red,Female,130,73,73,4,13,4,8,4,17,4,3,3,14,5,6,4,9,3,12,5,5,5,1,3,10,4,16,4,7,4,2,3,11,4,4,5,18,5,15
The Ridge,NSW,Black 9H,Male,132,36,36,4,8,4,7,4,9,4,1,3,2,5,3,4,4,3,5,5,6,,,,,,,,,,,,,,,,,,
The Ridge,NSW,Blue 9H,Male,129,35,36,4,8,4,7,4,9,4,1,3,2,5,3,4,4,3,5,5,6,,,,,,,,,,,,,,,,,,
The Ridge,NSW,Yellow 9H,Male,126,34.5,36,4,8,4,7,4,9,4,1,3,2,5,3,4,4,3,5,5,6,,,,,,,,,,,,,,,,,,
The Ridge,NSW,Red 9H,Female,126,36,36,4,7,4,4,4,9,4,1,3,8,5,3,4,5,3,6,5,2,,,,,,,,,,,,,,,,,,
Ballina Golf Club,NSW,Blue,Male,128,72,72,5,12,4,6,4,8,5,2,3,18,5,14,4,4,4,16,3,10,4,7,4,9,3,15,4,13,3,5,4,3,4,1,5,17,4,11
Ballina Golf Club,NSW,Blue,Female,137,77.1,72,5,7,4,11,4,3,5,5,3,17,5,1,4,9,4,13,3,15,4,2,4,10,3,16,4,18,3,6,4,12,4,8,5,14,4,4
Ballina Golf Club,NSW,White,Male,121,71,72,5,12,4,6,4,8,5,2,3,18,5,14,4,4,4,16,3,10,4,7,4,9,3,15,4,13,3,5,4,3,4,1,5,17,4,11
Ballina Golf Club,NSW,White,Female,134,75.7,72,5,7,4,11,4,3,5,5,3,17,5,1,4,9,4,13,3,15,4,2,4,10,3,16,4,18,3,6,4,12,4,8,5,14,4,4
Ballina Golf Club,NSW,Red,Male,122,71,72,5,12,4,6,4,8,5,2,3,18,5,14,4,4,4,16,3,10,4,7,4,9,3,15,4,13,3,5,4,3,4,1,5,17,4,11
Ballina Golf Club,NSW,Red,Female,123,73,72,5,7,4,11,4,3,5,5,3,17,5,1,4,9,4,13,3,15,4,2,4,10,3,16,4,18,3,6,4,12,4,8,5,14,4,4
Woodburn-Evans Head Golf Club,NSW,White,Male,117,69,71,5,13,3,3,4,15,4,11,3,7,5,5,4,1,5,17,3,9,5,14,3,2,4,18,4,12,3,16,5,6,4,8,4,10,3,4
Woodburn-Evans Head Golf Club,NSW,Red,Female,116,71,71,5,13,3,3,4,15,4,11,3,7,5,5,4,1,5,17,3,9,5,14,3,2,4,18,4,12,3,16,5,6,4,8,4,10,3,4
Iluka Golf Club,NSW,White,Male,123,71.7,70,3,6,4,14,4,2,5,18,4,12,3,10,4,8,3,3,5,15,3,1,4,9,4,5,5,17,4,16,3,7,4,13,3,4,5,11
Iluka Golf Club,NSW,White,Female,128,73.1,70,3,6,4,14,4,2,5,18,4,12,3,10,4,8,3,3,5,15,3,1,4,9,4,5,5,17,4,16,3,7,4,13,3,4,5,11
Iluka Golf Club,NSW,Red,Male,121,70.3,70,3,6,4,14,4,2,5,18,4,12,3,10,4,8,3,3,5,15,3,1,4,9,4,5,5,17,4,16,3,7,4,13,3,4,5,11
Iluka Golf Club,NSW,Red,Female,125,71.5,70,3,6,4,14,4,2,5,18,4,12,3,10,4,8,3,3,5,15,3,1,4,9,4,5,5,17,4,16,3,7,4,13,3,4,5,11
Iluka Golf Club,NSW,White,Male,123,71.7,70,3,6,4,14,4,2,5,18,4,12,3,10,4,8,3,3,5,15,3,1,4,9,4,5,5,17,4,16,3,7,4,13,3,4,5,11
Iluka Golf Club,NSW,White,Female,128,73.1,70,3,6,4,14,4,2,5,18,4,12,3,10,4,8,3,3,5,15,3,1,4,9,4,5,5,17,4,16,3,7,4,13,3,4,5,11
Iluka Golf Club,NSW,Red,Male,121,70.3,70,3,6,4,14,4,2,5,18,4,12,3,10,4,8,3,3,5,15,3,1,4,9,4,5,5,17,4,16,3,7,4,13,3,4,5,11
Iluka Golf Club,NSW,Red,Female,125,71.5,70,3,6,4,14,4,2,5,18,4,12,3,10,4,8,3,3,5,15,3,1,4,9,4,5,5,17,4,16,3,7,4,13,3,4,5,11
Yamba Golf & Country Club,NSW,Men,Male,134,72,72,5,11,4,15,3,9,4,17,4,5,4,3,4,1,5,13,3,7,3,18,4,2,3,16,5,10,5,14,4,8,4,6,3,12,5,4
Cronulla Golf Club,NSW,Black,Male,131,71,70,4,12,4,10,5,2,4,6,3,16,4,14,3,18,4,4,4,8,4,7,4,5,4,11,4,1,4,3,3,15,5,9,4,13,3,17
Cronulla Golf Club,NSW,Black,Female,133,75.5,70,4,0,4,0,5,0,4,0,3,0,4,0,3,0,4,0,4,0,4,0,4,0,4,0,4,0,4,0,3,0,5,0,4,0,3,0
Cronulla Golf Club,NSW,Blue,Male,126,70,70,4,12,4,10,5,2,4,6,3,16,4,14,3,18,4,4,4,8,4,7,4,5,4,11,4,1,4,3,3,15,5,9,4,13,3,17
Cronulla Golf Club,NSW,Blue,Female,131,74.6,70,4,0,4,0,5,0,4,0,3,0,4,0,3,0,4,0,4,0,4,0,4,0,4,0,4,0,4,0,3,0,5,0,4,0,3,0
Cronulla Golf Club,NSW,White,Male,124,69,70,4,12,4,10,5,2,4,6,3,16,4,14,3,18,4,4,4,8,4,7,4,5,4,11,4,1,4,3,3,15,5,9,4,13,3,17
Cronulla Golf Club,NSW,White,Female,130,76,70,4,0,4,0,5,0,4,0,3,0,4,0,3,0,4,0,4,0,4,0,4,0,4,0,4,0,4,0,3,0,5,0,4,0,3,0
Cronulla Golf Club,NSW,Red,Male,123,71.6,70,4,12,4,10,5,2,4,6,3,16,4,14,3,18,4,4,4,8,4,7,4,5,4,11,4,1,4,3,3,15,5,9,4,13,3,17
Cronulla Golf Club,NSW,Red,Female,124,73,70,4,0,4,0,5,0,4,0,3,0,4,0,3,0,4,0,4,0,4,0,4,0,4,0,4,0,4,0,3,0,5,0,4,0,3,0
Cronulla Golf Club,NSW,Gold,Male,119,67,70,4,12,4,10,5,2,4,6,3,16,4,14,3,18,4,4,4,8,4,7,4,5,4,11,4,1,4,3,3,15,5,9,4,13,3,17
Cronulla Golf Club,NSW,Gold,Female,120,70,70,4,0,4,0,5,0,4,0,3,0,4,0,3,0,4,0,4,0,4,0,4,0,4,0,4,0,4,0,3,0,5,0,4,0,3,0
Bonnie Doon Golf Club,NSW,Blue,Male,134,71.8,71,4,8,4,12,4,6,4,2,4,4,3,10,5,16,4,14,5,18,4,1,3,9,4,15,3,11,5,3,3,17,4,13,4,7,4,5
Bonnie Doon Golf Club,NSW,Blue,Female,135,76.2,71,4,8,4,12,4,6,4,2,4,4,3,10,5,16,4,14,5,18,4,1,3,9,4,15,3,11,5,3,3,17,4,13,4,7,4,5
Bonnie Doon Golf Club,NSW,White,Male,129,71,71,4,8,4,12,4,6,4,2,4,4,3,10,5,16,4,14,5,18,4,1,3,9,4,15,3,11,5,3,3,17,4,13,4,7,4,5
Bonnie Doon Golf Club,NSW,White,Female,135,78,71,4,8,4,12,4,6,4,2,4,4,3,10,5,16,4,14,5,18,4,1,3,9,4,15,3,11,5,3,3,17,4,13,4,7,4,5
Bonnie Doon Golf Club,NSW,Gold,Male,119,64,71,4,8,4,12,4,6,4,2,4,4,3,10,5,16,4,14,5,18,4,1,3,9,4,15,3,11,5,3,3,17,4,13,4,7,4,5
Bonnie Doon Golf Club,NSW,Gold,Female,128,70,71,4,8,4,12,4,6,4,2,4,4,3,10,5,16,4,14,5,18,4,1,3,9,4,15,3,11,5,3,3,17,4,13,4,7,4,5
Bonnie Doon Golf Club,NSW,Red,Male,118,69.1,71,4,8,4,12,4,6,4,2,4,4,3,10,5,16,4,14,5,18,4,1,3,9,4,15,3,11,5,3,3,17,4,13,4,7,4,5
Bonnie Doon Golf Club,NSW,Red,Female,129,75,71,4,8,4,12,4,6,4,2,4,4,3,10,5,16,4,14,5,18,4,1,3,9,4,15,3,11,5,3,3,17,4,13,4,7,4,5
Hurstville Golf Club,NSW,Blue,Male,123,69,70,4,16,3,17,3,13,4,6,4,10,5,5,3,15,4,1,3,8,4,14,3,18,5,11,3,4,4,7,4,2,5,12,5,3,4,9
Hurstville Golf Club,NSW,Blue,Female,126,73,70,4,16,3,17,3,13,4,6,4,10,5,5,3,15,4,1,3,8,4,14,3,18,5,11,3,4,4,7,4,2,5,12,5,3,4,9
Hurstville Golf Club,NSW,Red,Male,115,66,70,4,16,3,17,3,13,4,6,4,10,5,5,3,15,4,1,3,8,4,14,3,18,5,11,3,4,4,7,4,2,5,12,5,3,4,9
Hurstville Golf Club,NSW,Red,Female,116,70,70,4,16,3,17,3,13,4,6,4,10,5,5,3,15,4,1,3,8,4,14,3,18,5,11,3,4,4,7,4,2,5,12,5,3,4,9
Kogarah Golf Club,NSW,Yellow,Male,128,71.6,68,4,7,4,4,5,17,4,8,3,9,3,10,4,16,3,15,4,1,3,13,4,3,3,14,3,11,4,5,4,2,4,12,4,6,5,18
Kogarah Golf Club,NSW,Yellow,Female,128,73.2,68,4,7,4,4,5,17,4,8,3,9,3,10,4,16,3,15,4,1,3,13,4,3,3,14,3,11,4,5,4,2,4,12,4,6,5,18
Kogarah Golf Club,NSW,Blue,Male,125,70.7,68,4,7,4,4,5,17,4,8,3,9,3,10,4,16,3,15,4,1,3,13,4,3,3,14,3,11,4,5,4,2,4,12,4,6,5,18
Kogarah Golf Club,NSW,Blue,Female,128,73.2,68,4,7,4,4,5,17,4,8,3,9,3,10,4,16,3,15,4,1,3,13,4,3,3,14,3,11,4,5,4,2,4,12,4,6,5,18
Kogarah Golf Club,NSW,Red,Male,121,69,68,4,7,4,4,5,17,4,8,3,9,3,10,4,16,3,15,4,1,3,13,4,3,3,14,3,11,4,5,4,2,4,12,4,6,5,18
Kogarah Golf Club,NSW,Red,Female,128,74.7,68,4,7,4,4,5,17,4,8,3,9,3,10,4,16,3,15,4,1,3,13,4,3,3,14,3,11,4,5,4,2,4,12,4,6,5,18
NSW Golf Club,NSW,Blue,Male,135,73.7,72,4,18,3,4,4,6,4,10,5,16,3,8,4,2,5,12,4,14,4,9,3,17,5,15,4,5,4,7,4,1,4,3,3,11,5,13
NSW Golf Club,NSW,Blue,Female,139,78.2,72,4,18,3,4,4,6,4,10,5,16,3,8,4,2,5,12,4,14,4,9,3,17,5,15,4,5,4,7,4,1,4,3,3,11,5,13
NSW Golf Club,NSW,White,Male,132,72.2,72,4,18,3,4,4,6,4,10,5,16,3,8,4,2,5,12,4,14,4,9,3,17,5,15,4,5,4,7,4,1,4,3,3,11,5,13
NSW Golf Club,NSW,White,Female,136,76.5,72,4,18,3,4,4,6,4,10,5,16,3,8,4,2,5,12,4,14,4,9,3,17,5,15,4,5,4,7,4,1,4,3,3,11,5,13
NSW Golf Club,NSW,Red,Male,125,72.6,72,4,18,3,4,4,6,4,10,5,16,3,8,4,2,5,12,4,14,4,9,3,17,5,15,4,5,4,7,4,1,4,3,3,11,5,13
NSW Golf Club,NSW,Red,Female,138,76.4,72,4,18,3,4,4,6,4,10,5,16,3,8,4,2,5,12,4,14,4,9,3,17,5,15,4,5,4,7,4,1,4,3,3,11,5,13
Moore Park Golf Club,NSW,Blue,Male,116,70.1,70,4,3,3,18,4,10,5,2,3,12,5,16,3,6,4,7,4,14,3,4,5,13,4,9,3,5,4,8,3,11,5,17,4,15,4,1
Moore Park Golf Club,NSW,Blue,Female,134,75.6,70,4,3,3,18,4,10,5,2,3,12,5,16,3,6,4,7,4,14,3,4,5,13,4,9,3,5,4,8,3,11,5,17,4,15,4,1
Moore Park Golf Club,NSW,White,Male,114,69.2,70,4,3,3,18,4,10,5,2,3,12,5,16,3,6,4,7,4,14,3,4,5,13,4,9,3,5,4,8,3,11,5,17,4,15,4,1
Moore Park Golf Club,NSW,White,Female,131,74.2,70,4,3,3,18,4,10,5,2,3,12,5,16,3,6,4,7,4,14,3,4,5,13,4,9,3,5,4,8,3,11,5,17,4,15,4,1
Moore Park Golf Club,NSW,Yellow,Male,107,66.5,70,4,3,3,18,4,10,5,2,3,12,5,16,3,6,4,7,4,14,3,4,5,13,4,9,3,5,4,8,3,11,5,17,4,15,4,1
Moore Park Golf Club,NSW,Yellow,Female,127,72.8,70,4,3,3,18,4,10,5,2,3,12,5,16,3,6,4,7,4,14,3,4,5,13,4,9,3,5,4,8,3,11,5,17,4,15,4,1
Moore Park Golf Club,NSW,Red,Male,120,69.8,70,4,3,3,18,4,10,5,2,3,12,5,16,3,6,4,7,4,14,3,4,5,13,4,9,3,5,4,8,3,11,5,17,4,15,4,1
Moore Park Golf Club,NSW,Red,Female,116,71.5,70,4,3,3,18,4,10,5,2,3,12,5,16,3,6,4,7,4,14,3,4,5,13,4,9,3,5,4,8,3,11,5,17,4,15,4,1
St Michael's Golf Club,NSW,Blue,Male,138,75,72,4,1,4,4,3,10,4,8,3,6,5,16,5,14,4,12,4,18,4,7,4,3,3,13,5,15,4,17,3,11,4,5,5,2,4,9
St Michael's Golf Club,NSW,Blue,Female,143,81,72,4,1,4,4,3,10,4,8,3,6,5,16,5,14,4,12,4,18,4,7,4,3,3,13,5,15,4,17,3,11,4,5,5,2,4,9
St Michael's Golf Club,NSW,White,Male,133,72,72,4,1,4,4,3,10,4,8,3,6,5,16,5,14,4,12,4,18,4,7,4,3,3,13,5,15,4,17,3,11,4,5,5,2,4,9
St Michael's Golf Club,NSW,White,Female,139,79,72,4,1,4,4,3,10,4,8,3,6,5,16,5,14,4,12,4,18,4,7,4,3,3,13,5,15,4,17,3,11,4,5,5,2,4,9
St Michael's Golf Club,NSW,Red,Male,125,69.3,72,4,1,4,4,3,10,4,8,3,6,5,16,5,14,4,12,4,18,4,7,4,3,3,13,5,15,4,17,3,11,4,5,5,2,4,9
St Michael's Golf Club,NSW,Red,Female,131,76,72,4,1,4,4,3,10,4,8,3,6,5,16,5,14,4,12,4,18,4,7,4,3,3,13,5,15,4,17,3,11,4,5,5,2,4,9
St Michael's Golf Club,NSW,Gold,Male,125,69,72,4,1,4,4,3,10,4,8,3,6,5,16,5,14,4,12,4,18,4,7,4,3,3,13,5,15,4,17,3,11,4,5,5,2,4,9
St Michael's Golf Club,NSW,Gold,Female,132,75,72,4,1,4,4,3,10,4,8,3,6,5,16,5,14,4,12,4,18,4,7,4,3,3,13,5,15,4,17,3,11,4,5,5,2,4,9
Long Reef Golf Club,NSW,Black,Male,128,72,71,5,9,3,12,4,16,4,6,4,3,4,18,3,8,4,15,5,17,3,1,4,11,4,10,3,14,4,5,5,13,4,4,4,2,4,7
Long Reef Golf Club,NSW,Black,Female,133,77,71,5,9,3,12,4,16,4,6,4,3,4,18,3,8,4,15,5,17,3,1,4,11,4,10,3,14,4,5,5,13,4,4,4,2,4,7
Long Reef Golf Club,NSW,Blue,Male,125,71,71,5,9,3,12,4,16,4,6,4,3,4,18,3,8,4,15,5,17,3,1,4,11,4,10,3,14,4,5,5,13,4,4,4,2,4,7
Long Reef Golf Club,NSW,Blue,Female,128,75,71,5,9,3,12,4,16,4,6,4,3,4,18,3,8,4,15,5,17,3,1,4,11,4,10,3,14,4,5,5,13,4,4,4,2,4,7
Long Reef Golf Club,NSW,White,Male,123,69,71,5,9,3,12,4,16,4,6,4,3,4,18,3,8,4,15,5,17,3,1,4,11,4,10,3,14,4,5,5,13,4,4,4,2,4,7
Long Reef Golf Club,NSW,White,Female,124,73,71,5,9,3,12,4,16,4,6,4,3,4,18,3,8,4,15,5,17,3,1,4,11,4,10,3,14,4,5,5,13,4,4,4,2,4,7
Long Reef Golf Club,NSW,Red,Male,118,69.1,71,5,9,3,12,4,16,4,6,4,3,4,18,3,8,4,15,5,17,3,1,4,11,4,10,3,14,4,5,5,13,4,4,4,2,4,7
Long Reef Golf Club,NSW,Red,Female,134,75.5,71,5,9,3,12,4,16,4,6,4,3,4,18,3,8,4,15,5,17,3,1,4,11,4,10,3,14,4,5,5,13,4,4,4,2,4,7
Long Reef Golf Club,NSW,Gold,Male,120,68.1,71,5,9,3,12,4,16,4,6,4,3,4,18,3,8,4,15,5,17,3,1,4,11,4,10,3,14,4,5,5,13,4,4,4,2,4,7
Long Reef Golf Club,NSW,Gold,Female,129,73.3,71,5,9,3,12,4,16,4,6,4,3,4,18,3,8,4,15,5,17,3,1,4,11,4,10,3,14,4,5,5,13,4,4,4,2,4,7
Mona Vale Golf Club,NSW,Blue,Male,131,71,72,5,5,3,11,5,7,4,9,5,1,3,13,4,17,3,15,4,3,4,10,5,6,4,14,5,4,3,16,4,2,3,18,4,8,4,12
Mona Vale Golf Club,NSW,Blue,Female,130,74.2,72,5,5,3,11,5,7,4,9,5,1,3,13,4,17,3,15,4,3,4,10,5,6,4,14,5,4,3,16,4,2,3,18,4,8,4,12
Mona Vale Golf Club,NSW,White,Male,130,70,72,5,5,3,11,5,7,4,9,5,1,3,13,4,17,3,15,4,3,4,10,5,6,4,14,5,4,3,16,4,2,3,18,4,8,4,12
Mona Vale Golf Club,NSW,White,Female,135,78,72,5,5,3,11,5,7,4,9,5,1,3,13,4,17,3,15,4,3,4,10,5,6,4,14,5,4,3,16,4,2,3,18,4,8,4,12
Mona Vale Golf Club,NSW,Yellow,Male,124,68,72,5,5,3,11,5,7,4,9,5,1,3,13,4,17,3,15,4,3,4,10,5,6,4,14,5,4,3,16,4,2,3,18,4,8,4,12
Mona Vale Golf Club,NSW,Yellow,Female,124,71.4,72,5,5,3,11,5,7,4,9,5,1,3,13,4,17,3,15,4,3,4,10,5,6,4,14,5,4,3,16,4,2,3,18,4,8,4,12
Mona Vale Golf Club,NSW,Red,Male,118,69,72,5,5,3,11,5,7,4,9,5,1,3,13,4,17,3,15,4,3,4,10,5,6,4,14,5,4,3,16,4,2,3,18,4,8,4,12
Mona Vale Golf Club,NSW,Red,Female,130,75,72,5,5,3,11,5,7,4,9,5,1,3,13,4,17,3,15,4,3,4,10,5,6,4,14,5,4,3,16,4,2,3,18,4,8,4,12
Manly Golf Club,NSW,Blue,Male,141,72,71,4,13,5,3,5,15,3,7,4,11,4,1,3,5,4,17,4,9,4,10,3,6,4,14,4,2,4,12,3,16,4,18,5,4,4,8
Manly Golf Club,NSW,Blue,Female,135,76.1,71,4,0,5,0,5,0,3,0,4,0,4,0,3,0,4,0,4,0,4,0,3,0,4,0,4,0,4,0,3,0,4,0,5,0,4,0
Manly Golf Club,NSW,White,Male,130,71,71,4,13,5,3,5,15,3,7,4,11,4,1,3,5,4,17,4,9,4,10,3,6,4,14,4,2,4,12,3,16,4,18,5,4,4,8
Manly Golf Club,NSW,White,Female,138,77,71,4,0,5,0,5,0,3,0,4,0,4,0,3,0,4,0,4,0,4,0,3,0,4,0,4,0,4,0,3,0,4,0,5,0,4,0
Manly Golf Club,NSW,Red,Male,130,69,71,4,13,5,3,5,15,3,7,4,11,4,1,3,5,4,17,4,9,4,10,3,6,4,14,4,2,4,12,3,16,4,18,5,4,4,8
Manly Golf Club,NSW,Red,Female,131,75,71,4,0,5,0,5,0,3,0,4,0,4,0,3,0,4,0,4,0,4,0,3,0,4,0,4,0,4,0,3,0,4,0,5,0,4,0
Manly Golf Club,NSW,Yellow,Male,117,65.8,71,4,13,5,3,5,15,3,7,4,11,4,1,3,5,4,17,4,9,4,10,3,6,4,14,4,2,4,12,3,16,4,18,5,4,4,8
Manly Golf Club,NSW,Yellow,Female,118,70.2,71,4,0,5,0,5,0,3,0,4,0,4,0,3,0,4,0,4,0,4,0,3,0,4,0,4,0,4,0,3,0,4,0,5,0,4,0
Pymble Golf Club,NSW,Blue,Male,129,72,72,5,17,5,7,3,13,4,5,4,1,4,12,5,16,3,11,4,3,4,6,3,18,5,10,4,14,5,9,3,8,4,2,4,4,3,15
Pymble Golf Club,NSW,Blue,Female,137,77,72,5,11,5,1,3,13,4,15,4,4,4,8,5,6,3,17,4,2,4,16,3,18,5,9,4,10,5,7,3,12,4,3,4,5,3,14
Pymble Golf Club,NSW,Red,Male,124,70,72,5,17,5,7,3,13,4,5,4,1,4,12,5,16,3,11,4,3,4,6,3,18,5,10,4,14,5,9,3,8,4,2,4,4,3,15
Pymble Golf Club,NSW,Red,Female,129,74,72,5,11,5,1,3,13,4,15,4,4,4,8,5,6,3,17,4,2,4,16,3,18,5,9,4,10,5,7,3,12,4,3,4,5,3,14
Killara Golf Club,NSW,Blue,Male,126,72.7,72,5,7,3,15,4,14,4,9,4,13,4,6,4,5,3,3,5,16,5,12,4,8,5,11,4,17,3,18,4,2,4,1,3,10,4,4
Killara Golf Club,NSW,White,Male,124,71.2,72,5,7,3,15,4,14,4,9,4,13,4,6,4,5,3,3,5,16,5,12,4,8,5,11,4,17,3,18,4,2,4,1,3,10,4,4
Killara Golf Club,NSW,Red,Female,127,74.6,74,5,1,4,18,4,13,4,7,4,8,4,6,4,9,3,14,5,5,5,4,4,12,5,3,4,11,4,17,4,10,4,15,3,16,4,2
Killara Golf Club,NSW,Green,Female,126,73.2,73,5,1,3,18,4,13,4,7,4,8,4,6,4,9,4,14,5,5,5,4,4,12,5,3,4,11,3,17,4,10,4,15,3,16,4,2
Killara Golf Club,NSW,Yellow,Female,115,67.7,72,5,1,3,18,4,13,4,7,4,8,4,6,4,9,3,14,5,5,5,4,4,12,5,3,4,11,3,17,4,10,4,15,3,16,4,2
The Australian Golf Club,NSW,Black,Male,142,76,72,5,18,3,14,4,8,3,16,5,12,4,6,4,10,4,2,4,3,4,4,3,15,4,9,4,7,5,13,3,11,4,1,4,5,5,17
The Australian Golf Club,NSW,Blue,Male,134,74,72,5,18,3,14,4,8,3,16,5,12,4,6,4,10,4,2,4,3,4,4,3,15,4,9,4,7,5,13,3,11,4,1,4,5,5,17
The Australian Golf Club,NSW,White,Male,126,73,72,5,18,3,14,4,8,3,16,5,12,4,6,4,10,4,2,4,3,4,4,3,15,4,9,4,7,5,13,3,11,4,1,4,5,5,17
The Australian Golf Club,NSW,White,Female,132,81,72,5,18,3,14,4,8,3,16,5,12,4,6,4,10,4,2,4,3,4,4,3,15,4,9,4,7,5,13,3,11,4,1,4,5,5,17
The Australian Golf Club,NSW,Red,Male,124,72.3,72,5,18,3,14,4,8,3,16,5,12,4,6,4,10,4,2,4,3,4,4,3,15,4,9,4,7,5,13,3,11,4,1,4,5,5,17
The Australian Golf Club,NSW,Red,Female,124,77,72,5,18,3,14,4,8,3,16,5,12,4,6,4,10,4,2,4,3,4,4,3,15,4,9,4,7,5,13,3,11,4,1,4,5,5,17
Royal Sydney Golf Club,NSW,Men,Male,131,72,72,4,16,5,8,3,14,4,2,4,4,3,18,5,6,4,12,4,10,4,7,4,3,4,9,5,17,3,13,4,1,5,15,3,5,4,11
Royal Sydney Golf Club,NSW,Men,Female,137,77.1,72,4,16,5,8,3,14,4,2,4,4,3,18,5,6,4,12,4,10,4,7,4,3,4,9,5,17,3,13,4,1,5,15,3,5,4,11
Royal Sydney Golf Club,NSW,Women,Male,122,71.2,72,4,16,5,8,3,14,4,2,4,4,3,18,5,6,4,12,4,10,4,7,4,3,4,9,5,17,3,13,4,1,5,15,3,5,4,11
Royal Sydney Golf Club,NSW,Women,Female,139,74,72,4,16,5,8,3,14,4,2,4,4,3,18,5,6,4,12,4,10,4,7,4,3,4,9,5,17,3,13,4,1,5,15,3,5,4,11
Concord Golf Club,NSW,White,Male,127,72,71,4,15,4,10,4,2,3,17,4,14,3,8,4,3,5,12,4,6,4,4,5,11,4,5,4,18,3,16,5,13,3,9,4,1,4,7
Concord Golf Club,NSW,White,Female,131,77,71,4,15,4,10,4,2,3,17,4,14,3,8,4,3,5,12,4,6,4,4,5,11,4,5,4,18,3,16,5,13,3,9,4,1,4,7
Concord Golf Club,NSW,Red,Male,123,69,71,4,15,4,10,4,2,3,17,4,14,3,8,4,3,5,12,4,6,4,4,5,11,4,5,4,18,3,16,5,13,3,9,4,1,4,7
Concord Golf Club,NSW,Red,Female,124,74,71,4,15,4,10,4,2,3,17,4,14,3,8,4,3,5,12,4,6,4,4,5,11,4,5,4,18,3,16,5,13,3,9,4,1,4,7
Northbridge Golf Club,NSW,Men,Male,110,63,64,3,11,3,9,3,3,4,7,3,6,3,2,4,17,4,15,4,12,4,5,3,1,4,8,5,13,4,10,3,16,3,14,3,18,4,4
Northbridge Golf Club,NSW,Ladies,Female,117,65.4,64,3,11,3,9,3,3,4,7,3,6,3,2,4,17,4,15,4,12,4,5,3,1,4,8,5,13,4,10,3,16,3,14,3,18,4,4
Chatswood Golf Club,NSW,Black,Male,114,66.7,65,4,14,5,9,3,3,3,2,3,7,3,10,3,13,5,8,4,16,4,15,3,12,4,1,3,17,3,5,4,11,3,6,4,18,4,4
Chatswood Golf Club,NSW,Black,Female,115,67.3,65,4,14,5,9,3,3,3,2,3,7,3,10,3,13,5,8,4,16,4,15,3,12,4,1,3,17,3,5,4,11,3,6,4,18,4,4
Chatswood Golf Club,NSW,Red,Male,113,65.9,65,4,14,5,9,3,3,3,2,3,7,3,10,3,13,5,8,4,16,4,15,3,12,4,1,3,17,3,5,4,11,3,6,4,18,4,4
Chatswood Golf Club,NSW,Red,Female,113,66.4,65,4,14,5,9,3,3,3,2,3,7,3,10,3,13,5,8,4,16,4,15,3,12,4,1,3,17,3,5,4,11,3,6,4,18,4,4
North Ryde Golf Club,NSW,Blue,Male,129,69,69,4,5,4,11,3,17,4,7,4,3,3,15,4,1,3,9,5,13,3,12,4,8,4,16,5,6,3,18,4,10,4,2,5,4,3,14
North Ryde Golf Club,NSW,Red,Male,124,70,69,4,5,4,11,3,17,4,7,4,3,3,15,4,1,3,9,5,13,3,12,4,8,4,16,5,6,3,18,4,10,4,2,5,4,3,14
North Ryde Golf Club,NSW,Yellow,Male,118,69,69,4,5,4,11,3,17,4,7,4,3,3,15,4,1,3,9,5,13,3,12,4,8,4,16,5,6,3,18,4,10,4,2,5,4,3,14
Avondale Golf Club,NSW,Champion,Male,132,71.5,71,4,16,3,14,5,2,3,12,4,5,4,4,5,17,3,10,5,8,4,6,3,7,4,13,4,9,5,18,3,11,4,3,4,15,4,1
Avondale Golf Club,NSW,Champion,Female,135,76.2,71,4,16,3,14,5,2,3,12,4,5,4,4,5,17,3,10,5,8,4,6,3,7,4,13,4,9,5,18,3,11,4,3,4,15,4,1
Avondale Golf Club,NSW,White,Male,123,71,71,4,16,3,14,5,2,3,12,4,5,4,4,5,17,3,10,5,8,4,6,3,7,4,13,4,9,5,18,3,11,4,3,4,15,4,1
Avondale Golf Club,NSW,White,Female,132,76.4,71,4,16,3,14,5,2,3,12,4,5,4,4,5,17,3,10,5,8,4,6,3,7,4,13,4,9,5,18,3,11,4,3,4,15,4,1
Avondale Golf Club,NSW,Red,Male,122,71.3,71,4,16,3,14,5,2,3,12,4,5,4,4,5,17,3,10,5,8,4,6,3,7,4,13,4,9,5,18,3,11,4,3,4,15,4,1
Avondale Golf Club,NSW,Red,Female,128,73,71,4,16,3,14,5,2,3,12,4,5,4,4,5,17,3,10,5,8,4,6,3,7,4,13,4,9,5,18,3,11,4,3,4,15,4,1
Stonecutters Ridge,NSW,Blue,Male,134,73.1,71,5,12,4,10,4,2,4,14,4,18,3,4,4,16,4,8,4,6,5,9,3,11,4,3,4,7,4,15,5,17,3,1,3,13,4,5
Stonecutters Ridge,NSW,Blue,Female,140,78.3,71,5,12,4,10,4,2,4,14,4,18,3,4,4,16,4,8,4,6,5,9,3,11,4,3,4,7,4,15,5,17,3,1,3,13,4,5
Stonecutters Ridge,NSW,White,Male,127,71.6,71,5,12,4,10,4,2,4,14,4,18,3,4,4,16,4,8,4,6,5,9,3,11,4,3,4,7,4,15,5,17,3,1,3,13,4,5
Stonecutters Ridge,NSW,White,Female,136,76.6,71,5,12,4,10,4,2,4,14,4,18,3,4,4,16,4,8,4,6,5,9,3,11,4,3,4,7,4,15,5,17,3,1,3,13,4,5
Stonecutters Ridge,NSW,Gold,Male,126,69.1,71,5,12,4,10,4,2,4,14,4,18,3,4,4,16,4,8,4,6,5,9,3,11,4,3,4,7,4,15,5,17,3,1,3,13,4,5
Stonecutters Ridge,NSW,Gold,Female,132,75.2,71,5,12,4,10,4,2,4,14,4,18,3,4,4,16,4,8,4,6,5,9,3,11,4,3,4,7,4,15,5,17,3,1,3,13,4,5
Stonecutters Ridge,NSW,Red,Male,121,70.7,71,5,12,4,10,4,2,4,14,4,18,3,4,4,16,4,8,4,6,5,9,3,11,4,3,4,7,4,15,5,17,3,1,3,13,4,5
Stonecutters Ridge,NSW,Red,Female,126,73,71,5,12,4,10,4,2,4,14,4,18,3,4,4,16,4,8,4,6,5,9,3,11,4,3,4,7,4,15,5,17,3,1,3,13,4,5
Riverside Oaks (Gangurru),NSW,Blue,Male,122,70.7,72,5,0,4,0,4,0,3,0,4,0,4,0,4,0,3,0,5,0,5,0,3,0,5,0,4,0,3,0,4,0,4,0,4,0,4,0
Riverside Oaks (Gangurru),NSW,Blue,Female,135,76.2,72,5,0,4,0,4,0,3,0,4,0,4,0,4,0,3,0,5,0,5,0,3,0,5,0,4,0,3,0,4,0,4,0,4,0,4,0
Riverside Oaks (Gangurru),NSW,White,Male,118,68.7,72,5,0,4,0,4,0,3,0,4,0,4,0,4,0,3,0,5,0,5,0,3,0,5,0,4,0,3,0,4,0,4,0,4,0,4,0
Riverside Oaks (Gangurru),NSW,White,Female,129,73.6,72,5,0,4,0,4,0,3,0,4,0,4,0,4,0,3,0,5,0,5,0,3,0,5,0,4,0,3,0,4,0,4,0,4,0,4,0
Riverside Oaks (Gangurru),NSW,Red,Male,122,71.1,72,5,0,4,0,4,0,3,0,4,0,4,0,4,0,3,0,5,0,5,0,3,0,5,0,4,0,3,0,4,0,4,0,4,0,4,0
Riverside Oaks (Gangurru),NSW,Red,Female,126,71.6,72,5,0,4,0,4,0,3,0,4,0,4,0,4,0,3,0,5,0,5,0,3,0,5,0,4,0,3,0,4,0,4,0,4,0,4,0
Penrith Golf Club,NSW,Blue,Male,123,73.9,72,5,8,4,6,3,18,4,13,4,12,5,9,3,16,4,10,4,1,4,5,3,3,5,7,4,2,4,15,3,14,4,4,5,17,4,11
Penrith Golf Club,NSW,White,Male,120,72.3,72,5,8,4,6,3,18,4,13,4,12,5,9,3,16,4,10,4,1,4,5,3,3,5,7,4,2,4,15,3,14,4,4,5,17,4,11
Penrith Golf Club,NSW,Yellow,Female,134,76.3,72,5,2,4,6,3,17,4,8,4,11,5,1,3,13,4,7,4,9,4,3,3,18,5,4,4,15,4,12,3,16,4,14,5,10,4,5
Penrith Golf Club,NSW,Red,Female,133,75.3,72,5,2,4,6,3,17,4,8,4,11,5,1,3,13,4,7,4,9,4,3,3,18,5,4,4,15,4,12,3,16,4,14,5,10,4,5
Grafton District Golf Club,NSW,Blue,Male,126,72,72,3,18,5,14,4,2,4,12,4,6,3,16,4,4,4,8,5,10,3,11,5,17,4,7,4,5,4,15,4,3,4,1,3,9,5,13
Grafton District Golf Club,NSW,Blue,Female,135,76.5,72,3,18,5,14,4,2,4,12,4,6,3,16,4,4,4,8,5,10,3,11,5,17,4,7,4,5,4,15,4,3,4,1,3,9,5,13
Grafton District Golf Club,NSW,Red,Male,121,70.7,72,3,18,5,14,4,2,4,12,4,6,3,16,4,4,4,8,5,10,3,11,5,17,4,7,4,5,4,15,4,3,4,1,3,9,5,13
Grafton District Golf Club,NSW,Red,Female,127,73,72,3,18,5,14,4,2,4,12,4,6,3,16,4,4,4,8,5,10,3,11,5,17,4,7,4,5,4,15,4,3,4,1,3,9,5,13
Coffs Harbour Golf Club,NSW,White,Male,135,70.8,71,4,3,4,7,3,11,4,1,4,15,3,9,4,13,5,17,4,5,4,18,4,6,3,16,4,14,5,2,3,10,4,4,5,12,4,8
Coffs Harbour Golf Club,NSW,White,Female,130,73.9,71,4,0,4,0,3,0,4,0,4,0,3,0,4,0,5,0,4,0,4,0,4,0,3,0,4,0,5,0,3,0,4,0,5,0,4,0
Coffs Harbour Golf Club,NSW,Red,Male,121,70.7,71,4,3,4,7,3,11,4,1,4,15,3,9,4,13,5,17,4,5,4,18,4,6,3,16,4,14,5,2,3,10,4,4,5,12,4,8
Coffs Harbour Golf Club,NSW,Red,Female,142,76.7,71,4,0,4,0,3,0,4,0,4,0,3,0,4,0,5,0,4,0,4,0,4,0,3,0,4,0,5,0,3,0,4,0,5,0,4,0
Coffs Harbour Golf Club,NSW,Blue,Male,144,72.7,71,4,3,4,7,3,11,4,1,4,15,3,9,4,13,5,17,4,5,4,18,4,6,3,16,4,14,5,2,3,10,4,4,5,12,4,8
Sawtell Golf Club,NSW,White,Male,133,70.8,71,4,9,4,13,3,11,4,18,4,7,4,12,3,15,5,6,4,3,4,4,3,17,5,10,4,5,4,16,3,8,4,2,5,14,4,1
Sawtell Golf Club,NSW,White,Female,132,74.9,71,4,8,4,12,3,16,4,18,4,4,4,10,3,14,5,2,4,6,4,7,3,17,5,1,4,3,4,11,3,13,4,9,5,5,4,15
Sawtell Golf Club,NSW,Red,Male,122,71,71,4,9,4,13,3,11,4,18,4,7,4,12,3,15,5,6,4,3,4,4,3,17,5,10,4,5,4,16,3,8,4,2,5,14,4,1
Sawtell Golf Club,NSW,Red,Female,133,75.2,71,4,8,4,12,3,16,4,18,4,4,4,10,3,14,5,2,4,6,4,7,3,17,5,1,4,3,4,11,3,13,4,9,5,5,4,15
Nambucca Heads Island Golf Club,NSW,Mens,Male,125,70,69,4,5,5,9,4,17,5,15,3,13,4,7,3,3,3,11,4,1,4,6,5,8,4,14,3,16,4,4,3,12,4,2,4,10,3,18
Nambucca Heads Island Golf Club,NSW,Ladies,Female,132,73,69,4,0,5,0,4,0,5,0,3,0,4,0,3,0,3,0,4,0,4,0,5,0,4,0,3,0,4,0,3,0,4,0,4,0,3,0
Kempsey Golf Club,NSW,White,Male,0,0,72,5,16,4,6,3,18,4,14,4,2,4,4,4,8,3,10,5,12,5,15,3,17,4,3,4,9,5,11,4,1,3,7,4,5,4,13
Kempsey Golf Club,NSW,White,Female,0,0,72,5,0,4,0,3,0,4,0,4,0,4,0,4,0,3,0,5,0,5,0,3,0,4,0,4,0,5,0,4,0,3,0,4,0,4,0
Port Macquarie Golf Club,NSW,Mens,Male,121,70,71,5,6,4,12,4,18,5,8,3,16,4,10,3,2,4,14,4,4,4,7,4,1,5,9,3,3,4,17,4,15,3,13,4,11,4,5
Port Macquarie Golf Club,NSW,Ladies,Female,129,72,71,5,10,4,13,4,16,5,7,3,18,4,11,3,15,4,5,4,3,4,2,4,4,5,8,3,12,4,17,4,9,3,14,4,6,4,1
Club Taree Golf Course,NSW,White,Male,129,70.5,67,5,13,3,16,4,4,3,17,4,9,4,8,3,2,4,1,4,7,4,12,4,10,3,4,4,14,3,16,4,2,3,18,4,6,4,8
Club Taree Golf Course,NSW,White,Female,130,74,67,5,0,3,0,4,0,3,0,4,0,4,0,3,0,4,0,4,0,4,0,4,0,3,0,4,0,3,0,4,0,3,0,4,0,4,0
Club Taree Golf Course,NSW,Red,Male,122,71.1,67,5,0,3,0,4,0,3,0,4,0,4,0,3,0,4,0,4,0,4,0,4,0,3,0,4,0,3,0,4,0,3,0,4,0,4,0
Club Taree Golf Course,NSW,Red,Female,124,70.6,67,5,0,3,0,4,0,3,0,4,0,4,0,3,0,4,0,4,0,4,0,4,0,3,0,4,0,3,0,4,0,3,0,4,0,4,0
Forster Tuncurry Golf Club,NSW,White,Male,118,67.2,66,3,2,4,11,4,16,3,9,4,6,3,12,4,13,3,10,4,5,4,7,3,8,4,1,5,15,3,17,4,3,4,18,3,14,4,4
Forster Tuncurry Golf Club,NSW,White,Female,119,69,66,3,0,4,0,4,0,3,0,4,0,3,0,4,0,3,0,4,0,4,0,3,0,4,0,5,0,3,0,4,0,4,0,3,0,4,0
Forster Tuncurry Golf Club,NSW,Red,Male,116,68,66,3,0,4,0,4,0,3,0,4,0,3,0,4,0,3,0,4,0,4,0,3,0,4,0,5,0,3,0,4,0,4,0,3,0,4,0
Forster Tuncurry Golf Club,NSW,Red,Female,122,71.2,66,3,0,4,0,4,0,3,0,4,0,3,0,4,0,3,0,4,0,4,0,3,0,4,0,5,0,3,0,4,0,4,0,3,0,4,0
Nelson Bay Golf Club,NSW,White,Male,127,69.7,72,4,1,3,3,5,5,4,7,3,9,4,11,4,13,4,15,5,17,4,13,3,17,4,3,5,1,4,7,4,9,3,11,4,5,5,15
Nelson Bay Golf Club,NSW,White,Female,133,75.6,72,4,0,3,0,5,0,4,0,3,0,4,0,4,0,4,0,5,0,4,0,3,0,4,0,5,0,4,0,4,0,3,0,4,0,5,0
Nelson Bay Golf Club,NSW,Red,Male,121,70.7,72,4,0,3,0,5,0,4,0,3,0,4,0,4,0,4,0,5,0,4,0,3,0,4,0,5,0,4,0,4,0,3,0,4,0,5,0
Nelson Bay Golf Club,NSW,Red,Female,128,73.9,72,4,0,3,0,5,0,4,0,3,0,4,0,4,0,4,0,5,0,4,0,3,0,4,0,5,0,4,0,4,0,3,0,4,0,5,0
Merewether Golf Club,NSW,Blue,Male,136,71.3,70,4,6,4,13,3,17,5,12,3,7,5,5,4,2,3,10,4,4,4,1,5,15,4,8,3,14,4,18,4,3,3,11,5,16,3,9
Merewether Golf Club,NSW,Blue,Female,125,71.9,70,4,0,4,0,3,0,5,0,3,0,5,0,4,0,3,0,4,0,4,0,5,0,4,0,3,0,4,0,4,0,3,0,5,0,3,0
Merewether Golf Club,NSW,Red,Male,117,68.3,70,4,6,4,13,3,17,5,12,3,7,5,5,4,2,3,10,4,4,4,1,5,15,4,8,3,14,4,18,4,3,3,11,5,16,3,9
Merewether Golf Club,NSW,Red,Female,136,73.8,70,4,0,4,0,3,0,5,0,3,0,5,0,4,0,3,0,4,0,4,0,5,0,4,0,3,0,4,0,4,0,3,0,5,0,3,0
Charlestown Golf Club,NSW,Blue,Male,141,73.4,72,4,17,3,7,5,13,5,15,4,3,3,1,4,9,4,11,4,5,4,18,4,8,3,14,4,16,4,4,5,2,3,10,4,12,5,6
Charlestown Golf Club,NSW,White,Male,136,71,72,4,17,3,7,5,13,5,15,4,3,3,1,4,9,4,11,4,5,4,18,4,8,3,14,4,16,4,4,5,2,3,10,4,12,5,6
Charlestown Golf Club,NSW,Red,Female,131,75.4,72,4,0,3,0,5,0,5,0,4,0,3,0,4,0,4,0,4,0,4,0,4,0,3,0,4,0,4,0,5,0,3,0,4,0,5,0
Newcastle Golf Club,NSW,Blue,Male,136,76,72,4,6,4,10,3,2,5,18,4,4,4,8,3,16,4,12,5,14,5,11,4,17,3,13,5,15,4,3,4,5,3,7,4,1,4,9
Newcastle Golf Club,NSW,Blue,Female,140,78.3,72,4,5,4,7,3,17,5,9,4,1,4,3,3,11,4,15,5,13,5,4,4,2,3,14,5,8,4,18,4,16,3,12,4,6,4,10
Newcastle Golf Club,NSW,White,Male,134,74,72,4,6,4,10,3,2,5,18,4,4,4,8,3,16,4,12,5,14,5,11,4,17,3,13,5,15,4,3,4,5,3,7,4,1,4,9
Newcastle Golf Club,NSW,White,Female,136,76.8,72,4,5,4,7,3,17,5,9,4,1,4,3,3,11,4,15,5,13,5,4,4,2,3,14,5,8,4,18,4,16,3,12,4,6,4,10
Newcastle Golf Club,NSW,Red,Male,123,71.9,72,4,6,4,10,3,2,5,18,4,4,4,8,3,16,4,12,5,14,5,11,4,17,3,13,5,15,4,3,4,5,3,7,4,1,4,9
Newcastle Golf Club,NSW,Red,Female,121,71,72,4,5,4,7,3,17,5,9,4,1,4,3,3,11,4,15,5,13,5,4,4,2,3,14,5,8,4,18,4,16,3,12,4,6,4,10
Gosford Golf Club,NSW,White,Male,116,68.9,71,4,17,5,15,4,5,4,9,3,11,4,3,4,13,3,7,4,1,5,16,4,4,3,8,4,6,3,10,4,12,4,14,4,2,5,18
Gosford Golf Club,NSW,White,Female,133,75.1,71,4,0,5,0,4,0,4,0,3,0,4,0,4,0,3,0,4,0,5,0,4,0,3,0,4,0,3,0,4,0,4,0,4,0,5,0
Gosford Golf Club,NSW,Blue,Male,122,70.2,71,4,17,5,15,4,5,4,9,3,11,4,3,4,13,3,7,4,1,5,16,4,4,3,8,4,6,3,10,4,12,4,14,4,2,5,18
Gosford Golf Club,NSW,Blue,Female,130,73.9,71,4,0,5,0,4,0,4,0,3,0,4,0,4,0,3,0,4,0,5,0,4,0,3,0,4,0,3,0,4,0,4,0,4,0,5,0
Gosford Golf Club,NSW,Red,Male,122,71.4,71,4,17,5,15,4,5,4,9,3,11,4,3,4,13,3,7,4,1,5,16,4,4,3,8,4,6,3,10,4,12,4,14,4,2,5,18
Gosford Golf Club,NSW,Red,Female,126,73.4,71,4,0,5,0,4,0,4,0,3,0,4,0,4,0,3,0,4,0,5,0,4,0,3,0,4,0,3,0,4,0,4,0,4,0,5,0
The Coast Golf Club,NSW,Blue,Male,135,72,70,4,2,5,18,5,16,3,13,4,6,5,9,4,1,3,14,3,10,4,11,4,8,3,15,4,3,4,4,3,12,4,7,4,5,4,17
The Coast Golf Club,NSW,Blue,Female,133,75.5,70,4,0,5,0,5,0,3,0,4,0,5,0,4,0,3,0,3,0,4,0,4,0,3,0,4,0,4,0,3,0,4,0,4,0,4,0
The Coast Golf Club,NSW,White,Male,132,70,70,4,2,5,18,5,16,3,13,4,6,5,9,4,1,3,14,3,10,4,11,4,8,3,15,4,3,4,4,3,12,4,7,4,5,4,17
The Coast Golf Club,NSW,White,Female,129,73.7,70,4,0,5,0,5,0,3,0,4,0,5,0,4,0,3,0,3,0,4,0,4,0,3,0,4,0,4,0,3,0,4,0,4,0,4,0
The Coast Golf Club,NSW,Yellow,Male,126,71,70,4,2,5,18,5,16,3,13,4,6,5,9,4,1,3,14,3,10,4,11,4,8,3,15,4,3,4,4,3,12,4,7,4,5,4,17
The Coast Golf Club,NSW,Yellow,Female,125,71.7,70,4,0,5,0,5,0,3,0,4,0,5,0,4,0,3,0,3,0,4,0,4,0,3,0,4,0,4,0,3,0,4,0,4,0,4,0
The Coast Golf Club,NSW,Red,Male,116,67.8,70,4,2,5,18,5,16,3,13,4,6,5,9,4,1,3,14,3,10,4,11,4,8,3,15,4,3,4,4,3,12,4,7,4,5,4,17
The Coast Golf Club,NSW,Red,Female,129,73,70,4,0,5,0,5,0,3,0,4,0,5,0,4,0,3,0,3,0,4,0,4,0,3,0,4,0,4,0,3,0,4,0,4,0,4,0
Wyong Golf Club,NSW,Blue,Male,124,72.1,71,4,11,4,2,5,15,3,18,5,10,4,4,4,8,4,13,3,6,5,9,4,5,4,1,3,16,4,7,3,12,5,14,3,17,4,3
Wyong Golf Club,NSW,Blue,Female,134,75.9,71,4,0,4,0,5,0,3,0,5,0,4,0,4,0,4,0,3,0,5,0,4,0,4,0,3,0,4,0,3,0,5,0,3,0,4,0
Wyong Golf Club,NSW,White,Male,123,70.8,71,4,11,4,2,5,15,3,18,5,10,4,4,4,8,4,13,3,6,5,9,4,5,4,1,3,16,4,7,3,12,5,14,3,17,4,3
Wyong Golf Club,NSW,White,Female,132,74.9,71,4,0,4,0,5,0,3,0,5,0,4,0,4,0,4,0,3,0,5,0,4,0,4,0,3,0,4,0,3,0,5,0,3,0,4,0
Wyong Golf Club,NSW,Purple,Male,124,72,71,4,11,4,2,5,15,3,18,5,10,4,4,4,8,4,13,3,6,5,9,4,5,4,1,3,16,4,7,3,12,5,14,3,17,4,3
Wyong Golf Club,NSW,Purple,Female,120,69.9,71,4,0,4,0,5,0,3,0,5,0,4,0,4,0,4,0,3,0,5,0,4,0,4,0,3,0,4,0,3,0,5,0,3,0,4,0
Wyong Golf Club,NSW,Red,Male,121,70.8,71,4,11,4,2,5,15,3,18,5,10,4,4,4,8,4,13,3,6,5,9,4,5,4,1,3,16,4,7,3,12,5,14,3,17,4,3
Wyong Golf Club,NSW,Red,Female,130,74.4,71,4,0,4,0,5,0,3,0,5,0,4,0,4,0,4,0,3,0,5,0,4,0,4,0,3,0,4,0,3,0,5,0,3,0,4,0
Club Banora,NSW,Blue,Male,133,69,72,5,4,3,11,4,12,4,3,4,15,4,14,3,2,5,8,4,17,5,13,3,16,3,18,4,1,4,9,4,10,3,6,5,5,5,7
Club Banora,NSW,Blue,Female,130,73.8,72,5,0,3,0,4,0,4,0,4,0,4,0,3,0,5,0,4,0,5,0,3,0,3,0,4,0,4,0,4,0,3,0,5,0,5,0
Club Banora,NSW,White,Male,123,67.2,72,5,0,3,0,4,0,4,0,4,0,4,0,3,0,5,0,4,0,5,0,3,0,3,0,4,0,4,0,4,0,3,0,5,0,5,0
Club Banora,NSW,White,Female,130,73.8,72,5,0,3,0,4,0,4,0,4,0,4,0,3,0,5,0,4,0,5,0,3,0,3,0,4,0,4,0,4,0,3,0,5,0,5,0
Club Banora,NSW,Red,Male,121,70.4,72,5,0,3,0,4,0,4,0,4,0,4,0,3,0,5,0,4,0,5,0,3,0,3,0,4,0,4,0,4,0,3,0,5,0,5,0
Club Banora,NSW,Red,Female,115,73,72,5,0,3,0,4,0,4,0,4,0,4,0,3,0,5,0,4,0,5,0,3,0,3,0,4,0,4,0,4,0,3,0,5,0,5,0
Ocean Shores Country Club,NSW,Blue,Male,130,72,72,5,10,4,4,3,8,5,16,4,2,3,14,4,12,3,18,5,6,5,15,4,3,4,1,4,7,4,13,3,17,4,5,3,11,5,9
Ocean Shores Country Club,NSW,White,Male,127,71,72,5,10,4,4,3,8,5,16,4,2,3,14,4,12,3,18,5,6,5,15,4,3,4,1,4,7,4,13,3,17,4,5,3,11,5,9
Ocean Shores Country Club,NSW,Red,Male,120,68,72,5,10,4,4,3,8,5,16,4,2,3,14,4,12,3,18,5,6,5,15,4,3,4,1,4,7,4,13,3,17,4,5,3,11,5,9
Ocean Shores Country Club,NSW,Blue,Female,133,77,73,5,0,3,0,5,0,4,0,3,0,5,0,4,0,4,0,3,0,4,0,5,0,3,0,4,0,5,0,4,0,3,0,4,0,5,0
Ocean Shores Country Club,NSW,Red,Female,128,74,72,5,10,4,4,3,8,5,16,4,2,3,14,4,12,3,18,5,6,5,15,4,3,4,1,4,7,4,13,3,17,4,5,3,11,5,9
Bonville Golf Resort,NSW,Black,Male,145,74.5,72,4,2,4,12,3,8,5,14,3,18,4,6,5,16,3,4,4,10,5,13,3,9,4,1,4,3,5,15,4,7,4,5,3,11,5,17
Bonville Golf Resort,NSW,Black,Female,138,77.7,72,4,1,4,11,3,17,5,3,3,15,4,7,5,5,3,13,4,9,5,4,3,18,4,8,4,2,5,16,4,6,4,14,3,12,5,10
Bonville Golf Resort,NSW,Blue,Male,144,74.3,72,4,2,4,12,3,8,5,14,3,18,4,6,5,16,3,4,4,10,5,13,3,9,4,1,4,3,5,15,4,7,4,5,3,11,5,17
Bonville Golf Resort,NSW,Blue,Female,137,77.2,72,4,1,4,11,3,17,5,3,3,15,4,7,5,5,3,13,4,9,5,4,3,18,4,8,4,2,5,16,4,6,4,14,3,12,5,10
Bonville Golf Resort,NSW,White,Male,138,72.9,72,4,2,4,12,3,8,5,14,3,18,4,6,5,16,3,4,4,10,5,13,3,9,4,1,4,3,5,15,4,7,4,5,3,11,5,17
Bonville Golf Resort,NSW,White,Female,134,76,72,4,1,4,11,3,17,5,3,3,15,4,7,5,5,3,13,4,9,5,4,3,18,4,8,4,2,5,16,4,6,4,14,3,12,5,10
Bonville Golf Resort,NSW,Red,Male,121,70.3,72,4,2,4,12,3,8,5,14,3,18,4,6,5,16,3,4,4,10,5,13,3,9,4,1,4,3,5,15,4,7,4,5,3,11,5,17
Bonville Golf Resort,NSW,Red,Female,143,74.4,72,4,1,4,11,3,17,5,3,3,15,4,7,5,5,3,13,4,9,5,4,3,18,4,8,4,2,5,16,4,6,4,14,3,12,5,10
Lismore Workers Golf Club,NSW,Blue,Male,118,70,70,5,7,3,18,4,11,4,1,3,10,5,17,4,2,3,14,4,4,4,8,3,16,4,5,3,12,5,13,5,6,3,15,4,9,4,3
Lismore Workers Golf Club,NSW,Blue,Female,133,75.5,70,5,0,3,0,4,0,4,0,3,0,5,0,4,0,3,0,4,0,4,0,3,0,4,0,3,0,5,0,5,0,3,0,4,0,4,0
Lismore Workers Golf Club,NSW,White,Male,118,70,70,5,0,3,0,4,0,4,0,3,0,5,0,4,0,3,0,4,0,4,0,3,0,4,0,3,0,5,0,5,0,3,0,4,0,4,0
Lismore Workers Golf Club,NSW,White,Female,117,68,70,5,0,3,0,4,0,4,0,3,0,5,0,4,0,3,0,4,0,4,0,3,0,4,0,3,0,5,0,5,0,3,0,4,0,4,0
Tallwoods Golf Resort,NSW,Black,Male,141,73,72,4,9,3,5,5,13,4,1,5,3,3,17,4,7,4,11,4,15,4,10,3,6,4,14,5,2,3,4,5,18,3,8,4,12,5,16
Tallwoods Golf Resort,NSW,Black,Female,139,77.9,72,4,0,3,0,5,0,4,0,5,0,3,0,4,0,4,0,4,0,4,0,3,0,4,0,5,0,3,0,5,0,3,0,4,0,5,0
Tallwoods Golf Resort,NSW,Gold,Male,139,72,72,4,0,3,0,5,0,4,0,5,0,3,0,4,0,4,0,4,0,4,0,3,0,4,0,5,0,3,0,5,0,3,0,4,0,5,0
Tallwoods Golf Resort,NSW,Gold,Female,138,77.6,72,4,0,3,0,5,0,4,0,5,0,3,0,4,0,4,0,4,0,4,0,3,0,4,0,5,0,3,0,5,0,3,0,4,0,5,0
Tallwoods Golf Resort,NSW,Blue,Male,135,71.3,72,4,0,3,0,5,0,4,0,5,0,3,0,4,0,4,0,4,0,4,0,3,0,4,0,5,0,3,0,5,0,3,0,4,0,5,0
Tallwoods Golf Resort,NSW,Blue,Female,134,76,72,4,0,3,0,5,0,4,0,5,0,3,0,4,0,4,0,4,0,4,0,3,0,4,0,5,0,3,0,5,0,3,0,4,0,5,0
Tallwoods Golf Resort,NSW,White,Male,133,70,72,4,0,3,0,5,0,4,0,5,0,3,0,4,0,4,0,4,0,4,0,3,0,4,0,5,0,3,0,5,0,3,0,4,0,5,0
Tallwoods Golf Resort,NSW,White,Female,130,74.1,72,4,0,3,0,5,0,4,0,5,0,3,0,4,0,4,0,4,0,4,0,3,0,4,0,5,0,3,0,5,0,3,0,4,0,5,0
Tallwoods Golf Resort,NSW,Purple,Male,122,71.3,72,4,0,3,0,5,0,4,0,5,0,3,0,4,0,4,0,4,0,4,0,3,0,4,0,5,0,3,0,5,0,3,0,4,0,5,0
Tallwoods Golf Resort,NSW,Purple,Female,134,74,72,4,0,3,0,5,0,4,0,5,0,3,0,4,0,4,0,4,0,4,0,3,0,4,0,5,0,3,0,5,0,3,0,4,0,5,0
Tallwoods Golf Resort,NSW,Red,Male,118,68.9,72,4,0,3,0,5,0,4,0,5,0,3,0,4,0,4,0,4,0,4,0,3,0,4,0,5,0,3,0,5,0,3,0,4,0,5,0
Tallwoods Golf Resort,NSW,Red,Female,131,73,72,4,0,3,0,5,0,4,0,5,0,3,0,4,0,4,0,4,0,4,0,3,0,4,0,5,0,3,0,5,0,3,0,4,0,5,0
Tallwoods Golf Resort,NSW,Yellow,Male,110,64.1,72,4,0,3,0,5,0,4,0,5,0,3,0,4,0,4,0,4,0,4,0,3,0,4,0,5,0,3,0,5,0,3,0,4,0,5,0
Tallwoods Golf Resort,NSW,Yellow,Female,126,69,72,4,0,3,0,5,0,4,0,5,0,3,0,4,0,4,0,4,0,4,0,3,0,4,0,5,0,3,0,5,0,3,0,4,0,5,0
Maitland Golf Club,NSW,Blue,Male,129,72,71,4,12,4,6,3,2,5,14,3,4,4,18,5,10,4,8,4,16,4,1,3,11,4,9,3,7,5,5,5,15,4,13,3,17,4,3
Maitland Golf Club,NSW,Blue,Female,127,72.5,71,4,0,4,0,3,0,5,0,3,0,4,0,5,0,4,0,4,0,4,0,3,0,4,0,3,0,5,0,5,0,4,0,3,0,4,0
Maitland Golf Club,NSW,White,Male,119,69.5,71,4,0,4,0,3,0,5,0,3,0,4,0,5,0,4,0,4,0,4,0,3,0,4,0,3,0,5,0,5,0,4,0,3,0,4,0
Maitland Golf Club,NSW,White,Female,123,70.6,71,4,0,4,0,3,0,5,0,3,0,4,0,5,0,4,0,4,0,4,0,3,0,4,0,3,0,5,0,5,0,4,0,3,0,4,0
Maitland Golf Club,NSW,Red,Male,117,68.1,71,4,0,4,0,3,0,5,0,3,0,4,0,5,0,4,0,4,0,4,0,3,0,4,0,3,0,5,0,5,0,4,0,3,0,4,0
Maitland Golf Club,NSW,Red,Female,122,68,71,4,0,4,0,3,0,5,0,3,0,4,0,5,0,4,0,4,0,4,0,3,0,4,0,3,0,5,0,5,0,4,0,3,0,4,0
Hunter Valley Golf & Country Club,NSW,Blue,Male,128,71.3,71,4,14,4,16,3,18,3,7,4,10,4,4,4,1,3,3,5,5,3,6,4,17,4,8,4,2,5,13,4,11,5,15,3,9,5,12
Hunter Valley Golf & Country Club,NSW,Blue,Female,133,75.5,71,4,0,4,0,3,0,3,0,4,0,4,0,4,0,3,0,5,0,3,0,4,0,4,0,4,0,5,0,4,0,5,0,3,0,5,0
Hunter Valley Golf & Country Club,NSW,White,Male,126,69,71,4,0,4,0,3,0,3,0,4,0,4,0,4,0,3,0,5,0,3,0,4,0,4,0,4,0,5,0,4,0,5,0,3,0,5,0
Hunter Valley Golf & Country Club,NSW,White,Female,128,73.3,71,4,0,4,0,3,0,3,0,4,0,4,0,4,0,3,0,5,0,3,0,4,0,4,0,4,0,5,0,4,0,5,0,3,0,5,0
Hunter Valley Golf & Country Club,NSW,Red,Male,120,69.9,71,4,0,4,0,3,0,3,0,4,0,4,0,4,0,3,0,5,0,3,0,4,0,4,0,4,0,5,0,4,0,5,0,3,0,5,0
Hunter Valley Golf & Country Club,NSW,Red,Female,128,71.7,71,4,0,4,0,3,0,3,0,4,0,4,0,4,0,3,0,5,0,3,0,4,0,4,0,4,0,5,0,4,0,5,0,3,0,5,0
Cypress Lakes Resort,NSW,Blue,Male,150,76,72,4,0,5,0,3,0,4,0,4,0,5,0,3,0,4,0,4,0,4,0,3,0,5,0,4,0,4,0,5,0,3,0,4,0,4,0
Cypress Lakes Resort,NSW,White,Male,144,74,72,4,0,5,0,3,0,4,0,4,0,5,0,3,0,4,0,4,0,4,0,3,0,5,0,4,0,4,0,5,0,3,0,4,0,4,0
Cypress Lakes Resort,NSW,Red,Female,138,77,72,4,0,5,0,3,0,4,0,4,0,5,0,3,0,4,0,4,0,4,0,3,0,5,0,4,0,4,0,5,0,3,0,4,0,4,0
The Vintage Golf Club,NSW,Championship,Male,147,74,71,4,0,4,0,3,0,5,0,4,0,4,0,4,0,3,0,5,0,4,0,3,0,4,0,4,0,5,0,4,0,3,0,4,0,4,0
The Vintage Golf Club,NSW,Blue,Male,140,72,71,4,0,4,0,3,0,5,0,4,0,4,0,4,0,3,0,5,0,4,0,3,0,4,0,4,0,5,0,4,0,3,0,4,0,4,0
The Vintage Golf Club,NSW,Red,Female,135,76,71,4,0,4,0,3,0,5,0,4,0,4,0,4,0,3,0,5,0,4,0,3,0,4,0,4,0,5,0,4,0,3,0,4,0,4,0
Belmont Golf Club,NSW,Blue,Male,125,72,72,4,17,4,9,3,5,5,15,3,1,4,11,4,3,4,13,5,7,5,2,4,8,3,16,4,12,3,4,4,10,5,18,4,14,4,6
Belmont Golf Club,NSW,Blue,Female,131,74.5,72,4,0,4,0,3,0,5,0,3,0,4,0,4,0,4,0,5,0,5,0,4,0,3,0,4,0,3,0,4,0,5,0,4,0,4,0
Belmont Golf Club,NSW,Red,Male,119,69.3,72,4,17,4,9,3,5,5,15,3,1,4,11,4,3,4,13,5,7,5,2,4,8,3,16,4,12,3,4,4,10,5,18,4,14,4,6
Belmont Golf Club,NSW,Red,Female,128,74,72,4,0,4,0,3,0,5,0,3,0,4,0,4,0,4,0,5,0,5,0,4,0,3,0,4,0,3,0,4,0,5,0,4,0,4,0
Wollongong Golf Club,NSW,Black,Male,129,71.5,70,5,14,4,8,3,16,4,18,3,4,4,6,4,12,3,10,5,2,3,17,4,1,3,5,4,9,5,7,4,3,4,11,3,15,5,13
Wollongong Golf Club,NSW,Blue,Male,127,70.3,70,5,14,4,8,3,16,4,18,3,4,4,6,4,12,3,10,5,2,3,17,4,1,3,5,4,9,5,7,4,3,4,11,3,15,5,13
Wollongong Golf Club,NSW,Yellow,Male,122,68.9,70,5,14,4,8,3,16,4,18,3,4,4,6,4,12,3,10,5,2,3,17,4,1,3,5,4,9,5,7,4,3,4,11,3,15,5,13
Wollongong Golf Club,NSW,Red,Female,133,73.7,70,5,13,4,17,3,3,4,9,3,7,4,5,4,1,3,15,5,11,3,16,4,4,3,8,4,18,5,10,4,14,4,6,3,12,5,2
Wollongong Golf Club,NSW,White,Female,127,70.7,70,5,13,4,17,3,3,4,9,3,7,4,5,4,1,3,15,5,11,3,16,4,4,3,8,4,18,5,10,4,14,4,6,3,12,5,2
Bougle Run,TAS,Mens,Male,99,55.8,44,3,1,3,3,3,5,4,7,3,9,3,11,3,13,4,15,3,17,3,2,3,4,3,6,3,8,3,10,0,0,0,0,0,0,0,0
Bougle Run,TAS,Ladies,Female,101,57.1,44,3,1,3,3,3,5,4,7,3,9,3,11,3,13,4,15,3,17,3,2,3,4,3,6,3,8,3,10,0,0,0,0,0,0,0,0
Brighton Lakes Golf Club,NSW,Black,Male,134,71.0,70,5,8,3,17,4,5,4,11,4,7,4,9,5,6,3,16,4,2,3,15,4,3,4,12,5,4,3,14,5,10,3,18,4,1,3,13
Brighton Lakes Golf Club,NSW,White,Male,132,70.0,70,5,8,3,17,4,5,4,11,4,7,4,9,5,6,3,16,4,2,3,15,4,3,4,12,5,4,3,14,5,10,3,18,4,1,3,13
Brighton Lakes Golf Club,NSW,Red,Female,109,65.1,70,5,0,3,0,4,0,4,0,4,0,4,0,5,0,3,0,4,0,3,0,4,0,4,0,5,0,3,0,5,0,3,0,4,0,3,0
Barnbougle Dunes,TAS,Forrester,Male,132,72,71,5,10,4,4,4,13,4,17,3,9,4,5,3,12,4,1,4,8,4,6,5,16,4,14,3,11,5,15,4,7,3,18,4,3,4,2
Barnbougle Lost Farm,TAS,Black,Male,132,73,72,5,0,4,0,4,0,3,0,4,0,3,0,4,0,5,0,4,0,5,0,4,0,5,0,4,0,4,0,3,0,4,0,3,0,4,0
Barnbougle Lost Farm,TAS,Blue,Male,118,73,72,5,12,4,10,4,17,3,18,4,14,3,9,4,11,5,1,4,16,5,4,4,8,5,7,4,5,4,15,3,3,4,6,3,2,4,13
Dunheved Golf Club,NSW,Blue,Male,135,73,72,4,12,5,17,4,6,3,4,5,11,4,3,4,16,3,9,4,1,4,2,3,8,5,13,3,15,4,14,5,18,5,10,3,7,4,5
Dunheved Golf Club,NSW,Blue,Female,140,78.3,72,4,0,5,0,4,0,3,0,5,0,4,0,4,0,3,0,4,0,4,0,3,0,5,0,3,0,4,0,5,0,5,0,3,0,4,0
Dunheved Golf Club,NSW,Red,Male,122,68,72,4,0,5,0,4,0,3,0,5,0,4,0,4,0,3,0,4,0,4,0,3,0,5,0,3,0,4,0,5,0,5,0,3,0,4,0
Dunheved Golf Club,NSW,Red,Female,135,74,72,4,0,5,0,4,0,3,0,5,0,4,0,4,0,3,0,4,0,4,0,3,0,5,0,3,0,4,0,5,0,5,0,3,0,4,0
Leonay Golf Club,NSW,White,Male,113,67,66,4,14,3,16,4,1,3,13,4,4,3,8,4,7,4,5,3,10,3,11,5,12,4,2,3,17,3,18,4,15,5,6,4,3,3,9
Leonay Golf Club,NSW,White,Female,123,71,66,4,0,3,0,4,0,3,0,4,0,3,0,4,0,4,0,3,0,3,0,5,0,4,0,3,0,3,0,4,0,5,0,4,0,3,0
Leonay Golf Club,NSW,Red,Male,112,65,66,4,0,3,0,4,0,3,0,4,0,3,0,4,0,4,0,3,0,3,0,5,0,4,0,3,0,3,0,4,0,5,0,4,0,3,0
Leonay Golf Club,NSW,Red,Female,121,70,66,4,0,3,0,4,0,3,0,4,0,3,0,4,0,4,0,3,0,3,0,5,0,4,0,3,0,3,0,4,0,5,0,4,0,3,0
Twin Creeks Golf & Country Club,NSW,Black,Male,132,74,72,4,5,3,11,4,17,4,3,5,15,3,9,4,13,4,1,5,7,4,6,5,16,4,18,4,8,3,14,5,10,4,2,3,12,4,4
Twin Creeks Golf & Country Club,NSW,Black,Female,141,78.8,72,4,0,3,0,4,0,4,0,5,0,3,0,4,0,4,0,5,0,4,0,5,0,4,0,4,0,3,0,5,0,4,0,3,0,4,0
Twin Creeks Golf & Country Club,NSW,Gold,Male,130,72,72,4,0,3,0,4,0,4,0,5,0,3,0,4,0,4,0,5,0,4,0,5,0,4,0,4,0,3,0,5,0,4,0,3,0,4,0
Twin Creeks Golf & Country Club,NSW,Gold,Female,138,77.7,72,4,0,3,0,4,0,4,0,5,0,3,0,4,0,4,0,5,0,4,0,5,0,4,0,4,0,3,0,5,0,4,0,3,0,4,0
Twin Creeks Golf & Country Club,NSW,Silver,Male,128,70,72,4,0,3,0,4,0,4,0,5,0,3,0,4,0,4,0,5,0,4,0,5,0,4,0,4,0,3,0,5,0,4,0,3,0,4,0
Twin Creeks Golf & Country Club,NSW,Silver,Female,134,75.7,72,4,0,3,0,4,0,4,0,5,0,3,0,4,0,4,0,5,0,4,0,5,0,4,0,4,0,3,0,5,0,4,0,3,0,4,0
Twin Creeks Golf & Country Club,NSW,Jade,Male,123,68,72,4,0,3,0,4,0,4,0,5,0,3,0,4,0,4,0,5,0,4,0,5,0,4,0,4,0,3,0,5,0,4,0,3,0,4,0
Twin Creeks Golf & Country Club,NSW,Jade,Female,136,74.1,72,4,0,3,0,4,0,4,0,5,0,3,0,4,0,4,0,5,0,4,0,5,0,4,0,4,0,3,0,5,0,4,0,3,0,4,0
Springwood Country Club,NSW,Blue,Male,126,69.7,69,4,2,5,4,3,8,4,12,4,6,3,18,4,10,3,14,4,16,4,17,4,9,4,13,3,3,4,1,5,11,4,7,4,5,3,15
Springwood Country Club,NSW,Red,Male,124,68.9,69,4,2,5,4,3,8,4,12,4,6,3,18,4,10,3,14,4,16,4,17,4,9,4,13,3,3,4,1,5,11,4,7,4,5,3,15
Springwood Country Club,NSW,Yellow,Male,105,63.1,69,4,2,5,4,3,8,4,12,4,6,3,18,4,10,3,14,4,16,4,17,4,9,4,13,3,3,4,1,5,11,4,7,4,5,3,15
Springwood Country Club,NSW,Red,Female,127,74.1,71,4,13,5,1,3,11,4,9,4,5,4,17,4,3,3,15,4,7,4,12,4,6,4,8,3,10,4,14,5,2,4,4,4,16,4,18
Springwood Country Club,NSW,Yellow,Female,124,72.9,71,4,13,5,1,3,11,4,9,4,5,4,17,4,3,3,15,4,7,4,12,4,6,4,8,3,10,4,14,5,2,4,4,4,16,4,18
Mollymook Hilltop,NSW,White,Male,134,72.6,72,4,13,4,3,4,1,4,9,3,17,5,11,4,15,5,7,3,5,4,4,4,18,3,12,5,10,4,2,4,8,4,6,3,16,5,14
Mollymook Hilltop,NSW,Red,Female,131,75.3,69,4,10,4,6,4,4,4,16,3,18,3,14,4,12,4,8,5,2,3,13,4,9,4,11,3,15,4,1,4,7,4,5,3,17,5,3
Mollymook Hilltop,NSW,Blue,Male,137,74.2,72,4,15,4,5,4,1,4,9,3,17,5,13,4,7,5,3,3,11,4,18,4,12,3,8,5,4,4,2,4,10,4,6,3,16,5,14
Nowra Golf Club,NSW,Members,Male,121,70.7,68,4,13,4,11,4,3,3,17,4,9,4,1,4,15,3,5,4,7,4,15,4,11,3,7,4,17,5,9,4,1,3,13,3,3,4,5
Nowra Golf Club,NSW,Ladies,Female,124,71.3,68,4,13,4,11,4,3,3,17,4,9,4,1,4,15,3,5,4,7,4,15,4,11,3,7,4,17,5,9,4,1,3,13,3,3,4,5
Ashlar Golf Club,NSW,Blue,Male,116,68.6,71,5,18,3,8,4,12,3,4,5,14,4,6,5,10,4,2,3,16,4,5,4,11,4,1,3,15,4,7,5,13,4,3,4,17,3,9
Ashlar Golf Club,NSW,Red,Female,109,64.4,73,5,1,4,17,4,5,3,13,5,9,4,3,5,11,4,7,4,15,4,8,4,16,4,4,3,14,4,18,5,2,4,6,4,12,3,10
Castle Hill Country Club,NSW,Black,Male,134,73,72,5,12,3,8,4,2,3,18,5,10,4,16,4,6,4,14,4,4,4,1,3,13,4,15,4,3,4,7,5,11,4,17,3,9,5,5
Castle Hill Country Club,NSW,Black,Female,139,78,72,5,0,3,0,4,0,3,0,5,0,4,0,4,0,4,0,4,0,4,0,3,0,4,0,4,0,4,0,5,0,4,0,3,0,5,0
Castle Hill Country Club,NSW,Blue,Male,128,71,72,5,12,3,8,4,2,3,18,5,10,4,16,4,6,4,14,4,4,4,1,3,13,4,15,4,3,4,7,5,11,4,17,3,9,5,5
Castle Hill Country Club,NSW,Blue,Female,136,76.9,72,5,0,3,0,4,0,3,0,5,0,4,0,4,0,4,0,4,0,4,0,3,0,4,0,4,0,4,0,5,0,4,0,3,0,5,0
Castle Hill Country Club,NSW,White,Male,124,70,72,5,12,3,8,4,2,3,18,5,10,4,16,4,6,4,14,4,4,4,1,3,13,4,15,4,3,4,7,5,11,4,17,3,9,5,5
Castle Hill Country Club,NSW,White,Female,124,72,72,5,0,3,0,4,0,3,0,5,0,4,0,4,0,4,0,4,0,4,0,3,0,4,0,4,0,4,0,5,0,4,0,3,0,5,0
Castle Hill Country Club,NSW,Red,Male,124,72,72,5,0,3,0,4,0,3,0,5,0,4,0,4,0,4,0,4,0,4,0,3,0,4,0,4,0,4,0,5,0,4,0,3,0,5,0
Castle Hill Country Club,NSW,Red,Female,125,74,72,5,0,3,0,4,0,3,0,5,0,4,0,4,0,4,0,4,0,4,0,3,0,4,0,4,0,4,0,5,0,4,0,3,0,5,0
Castle Hill Country Club,NSW,Gold,Male,111,65.1,72,5,0,3,0,4,0,3,0,5,0,4,0,4,0,4,0,4,0,4,0,3,0,4,0,4,0,4,0,5,0,4,0,3,0,5,0
Castle Hill Country Club,NSW,Gold,Female,124,70.2,72,5,0,3,0,4,0,3,0,5,0,4,0,4,0,4,0,4,0,4,0,3,0,4,0,4,0,4,0,5,0,4,0,3,0,5,0
Cumberland Country Golf Club,NSW,Members,Male,127,70,72,4,15,5,3,3,6,5,13,3,4,4,2,4,12,4,8,5,17,4,10,3,9,5,5,3,14,4,1,4,7,3,18,4,16,5,11
Cumberland Country Golf Club,NSW,Members,Female,136,76.6,72,4,0,5,0,3,0,5,0,3,0,4,0,4,0,4,0,5,0,4,0,3,0,5,0,3,0,4,0,4,0,3,0,4,0,5,0
Cumberland Country Golf Club,NSW,Associates,Male,122,71.4,72,4,0,5,0,3,0,5,0,3,0,4,0,4,0,4,0,5,0,4,0,3,0,5,0,3,0,4,0,4,0,3,0,4,0,5,0
Cumberland Country Golf Club,NSW,Associates,Female,132,73,72,4,0,5,0,3,0,5,0,3,0,4,0,4,0,4,0,5,0,4,0,3,0,5,0,3,0,4,0,4,0,3,0,4,0,5,0
Muirfield Golf Club,NSW,White (Men's),Male,119,68.2,69,5,12,3,14,4,10,4,9,4,2,3,18,4,6,4,5,3,8,4,3,3,7,4,1,5,13,4,16,3,11,4,4,4,15,4,17
Muirfield Golf Club,NSW,White (Men's),Female,132,74.7,69,5,0,3,0,4,0,4,0,4,0,3,0,4,0,4,0,3,0,4,0,3,0,4,0,5,0,4,0,3,0,4,0,4,0,4,0
Muirfield Golf Club,NSW,Red (Ladies'),Male,121,70.6,69,5,0,3,0,4,0,4,0,4,0,3,0,4,0,4,0,3,0,4,0,3,0,4,0,5,0,4,0,3,0,4,0,4,0,4,0
Muirfield Golf Club,NSW,Red (Ladies'),Female,125,72.6,69,5,0,3,0,4,0,4,0,4,0,3,0,4,0,4,0,3,0,4,0,3,0,4,0,5,0,4,0,3,0,4,0,4,0,4,0
Oatlands Golf Club,NSW,White,Male,126,70,70,4,0,3,0,4,0,4,0,3,0,4,0,4,0,5,0,3,0,4,0,4,0,3,0,5,0,4,0,5,0,4,0,4,0,3,0
Oatlands Golf Club,NSW,White,Female,133,75.3,70,4,0,3,0,4,0,4,0,3,0,4,0,4,0,5,0,3,0,4,0,4,0,3,0,5,0,4,0,5,0,4,0,4,0,3,0
Oatlands Golf Club,NSW,Red,Male,123,71.7,70,4,0,3,0,4,0,4,0,3,0,4,0,4,0,5,0,3,0,4,0,4,0,3,0,5,0,4,0,5,0,4,0,4,0,3,0
Oatlands Golf Club,NSW,Red,Female,126,73,70,4,0,3,0,4,0,4,0,3,0,4,0,4,0,5,0,3,0,4,0,4,0,3,0,5,0,4,0,5,0,4,0,4,0,3,0
Fox Hills Golf Club,NSW,Black,Male,131,71.5,71,5,0,3,0,4,0,4,0,5,0,4,0,4,0,4,0,3,0,4,0,3,0,4,0,5,0,4,0,4,0,3,0,4,0,4,0
Fox Hills Golf Club,NSW,Blue,Male,129,70.5,71,5,0,3,0,4,0,4,0,5,0,4,0,4,0,4,0,3,0,4,0,3,0,4,0,5,0,4,0,4,0,3,0,4,0,4,0
Fox Hills Golf Club,NSW,White,Male,127,69.5,71,5,0,3,0,4,0,4,0,5,0,4,0,4,0,4,0,3,0,4,0,3,0,4,0,5,0,4,0,4,0,3,0,4,0,4,0
Fox Hills Golf Club,NSW,Red,Female,124,71,71,5,0,3,0,4,0,4,0,5,0,4,0,4,0,4,0,3,0,4,0,3,0,4,0,5,0,4,0,4,0,3,0,4,0,4,0
Fairfield Golf Course,NSW,Men,Male,108,65,67,4,0,4,0,3,0,4,0,3,0,3,0,4,0,4,0,4,0,4,0,3,0,4,0,4,0,4,0,3,0,4,0,4,0,4,0
Fairfield Golf Course,NSW,Ladies,Female,108,68,67,4,0,4,0,3,0,4,0,3,0,3,0,4,0,4,0,4,0,4,0,3,0,4,0,4,0,4,0,3,0,4,0,4,0,4,0
Ryde-Parramatta Golf Club,NSW,Blue,Male,136,72,71,4,3,4,10,4,12,3,16,5,18,4,5,3,14,4,8,4,1,4,2,5,4,3,17,4,9,4,13,4,15,4,11,3,6,5,7
Ryde-Parramatta Golf Club,NSW,Blue,Female,0,0,71,4,0,4,0,4,0,3,0,5,0,4,0,3,0,4,0,4,0,4,0,5,0,3,0,4,0,4,0,4,0,4,0,3,0,5,0
Ryde-Parramatta Golf Club,NSW,White,Male,124,71.3,71,4,3,4,10,4,12,3,16,5,18,4,5,3,14,4,8,4,1,4,2,5,4,3,17,4,9,4,13,4,15,4,11,3,6,5,7
Ryde-Parramatta Golf Club,NSW,White,Female,0,0,71,4,0,4,0,4,0,3,0,5,0,4,0,3,0,4,0,4,0,4,0,5,0,3,0,4,0,4,0,4,0,4,0,3,0,5,0
Ryde-Parramatta Golf Club,NSW,Red,Male,0,0,71,4,0,4,0,4,0,3,0,5,0,4,0,3,0,4,0,4,0,4,0,5,0,3,0,4,0,4,0,4,0,4,0,3,0,5,0
Ryde-Parramatta Golf Club,NSW,Red,Female,131,74.5,71,4,0,4,0,4,0,3,0,5,0,4,0,3,0,4,0,4,0,4,0,5,0,3,0,4,0,4,0,4,0,4,0,3,0,5,0
Richmond Golf Club,NSW,Blue,Male,127,70.3,70,5,10,3,18,4,8,4,5,4,6,5,15,4,13,3,12,4,2,3,9,4,4,3,11,4,3,4,1,3,7,5,16,4,14,4,17
Richmond Golf Club,NSW,Blue,Female,131,74.5,70,5,0,3,0,4,0,4,0,4,0,5,0,4,0,3,0,4,0,3,0,4,0,3,0,4,0,4,0,3,0,5,0,4,0,4,0
Richmond Golf Club,NSW,White,Male,124,69.3,70,5,0,3,0,4,0,4,0,4,0,5,0,4,0,3,0,4,0,3,0,4,0,3,0,4,0,4,0,3,0,5,0,4,0,4,0
Richmond Golf Club,NSW,White,Female,127,72.8,70,5,0,3,0,4,0,4,0,4,0,5,0,4,0,3,0,4,0,3,0,4,0,3,0,4,0,4,0,3,0,5,0,4,0,4,0
Richmond Golf Club,NSW,Red,Male,118,68.7,70,5,0,3,0,4,0,4,0,4,0,5,0,4,0,3,0,4,0,3,0,4,0,3,0,4,0,4,0,3,0,5,0,4,0,4,0
Richmond Golf Club,NSW,Red,Female,129,73.1,70,5,0,3,0,4,0,4,0,4,0,5,0,4,0,3,0,4,0,3,0,4,0,3,0,4,0,4,0,3,0,5,0,4,0,4,0
Macquarie Links Golf Club,NSW,Black,Male,140,73.6,72,5,12,4,2,4,8,4,14,3,4,4,18,5,16,3,10,4,6,4,15,3,7,5,13,4,17,4,5,3,1,4,9,5,11,4,3
Macquarie Links Golf Club,NSW,Black,Female,139,78,72,5,0,4,0,4,0,4,0,3,0,4,0,5,0,3,0,4,0,4,0,3,0,5,0,4,0,4,0,3,0,4,0,5,0,4,0
Macquarie Links Golf Club,NSW,Blue,Male,138,71.9,72,5,0,4,0,4,0,4,0,3,0,4,0,5,0,3,0,4,0,4,0,3,0,5,0,4,0,4,0,3,0,4,0,5,0,4,0
Macquarie Links Golf Club,NSW,Blue,Female,135,76.4,72,5,0,4,0,4,0,4,0,3,0,4,0,5,0,3,0,4,0,4,0,3,0,5,0,4,0,4,0,3,0,4,0,5,0,4,0
Macquarie Links Golf Club,NSW,Red,Male,124,72.1,72,5,0,4,0,4,0,4,0,3,0,4,0,5,0,3,0,4,0,4,0,3,0,5,0,4,0,4,0,3,0,4,0,5,0,4,0
Macquarie Links Golf Club,NSW,Red,Female,131,75.4,72,5,0,4,0,4,0,4,0,3,0,4,0,5,0,3,0,4,0,4,0,3,0,5,0,4,0,4,0,3,0,4,0,5,0,4,0
Macquarie Links Golf Club,NSW,Gold,Male,118,68.8,72,5,0,4,0,4,0,4,0,3,0,4,0,5,0,3,0,4,0,4,0,3,0,5,0,4,0,4,0,3,0,4,0,5,0,4,0
Macquarie Links Golf Club,NSW,Gold,Female,130,70.9,72,5,0,4,0,4,0,4,0,3,0,4,0,5,0,3,0,4,0,4,0,3,0,5,0,4,0,4,0,3,0,4,0,5,0,4,0
Windsor Country Golf Club,NSW,Men's,Male,127,70.3,71,4,10,3,6,5,8,4,3,4,4,4,14,3,16,5,12,4,1,5,11,3,5,4,9,3,17,5,13,4,2,4,18,3,15,4,7
Windsor Country Golf Club,NSW,Men's,Female,134,76,71,4,0,3,0,5,0,4,0,4,0,4,0,3,0,5,0,4,0,5,0,3,0,4,0,3,0,5,0,4,0,4,0,3,0,4,0
Windsor Country Golf Club,NSW,Ladies,Male,122,71,71,4,0,3,0,5,0,4,0,4,0,4,0,3,0,5,0,4,0,5,0,3,0,4,0,3,0,5,0,4,0,4,0,3,0,4,0
Windsor Country Golf Club,NSW,Ladies,Female,127,73.7,71,4,0,3,0,5,0,4,0,4,0,4,0,3,0,5,0,4,0,5,0,3,0,4,0,3,0,5,0,4,0,4,0,3,0,4,0
Camden Golf Club (Studley Park),NSW,Black,Male,120,71.2,71,4,10,4,14,3,6,5,12,4,4,3,8,4,2,5,14,3,16,4,8,4,18,4,10,5,6,3,12,4,16,4,1,3,3,5,15
Camden Golf Club (Studley Park),NSW,Black,Female,134,76,71,4,0,4,0,3,0,5,0,4,0,3,0,4,0,5,0,3,0,4,0,4,0,4,0,5,0,3,0,4,0,4,0,3,0,5,0
Camden Golf Club (Studley Park),NSW,Blue,Male,118,70.3,71,4,0,4,0,3,0,5,0,4,0,3,0,4,0,5,0,3,0,4,0,4,0,4,0,5,0,3,0,4,0,4,0,3,0,5,0
Camden Golf Club (Studley Park),NSW,Blue,Female,130,74.7,71,4,0,4,0,3,0,5,0,4,0,3,0,4,0,5,0,3,0,4,0,4,0,4,0,5,0,3,0,4,0,4,0,3,0,5,0
Camden Golf Club (Studley Park),NSW,White,Male,117,68.4,71,4,0,4,0,3,0,5,0,4,0,3,0,4,0,5,0,3,0,4,0,4,0,4,0,5,0,3,0,4,0,4,0,3,0,5,0
Camden Golf Club (Studley Park),NSW,White,Female,125,73.3,71,4,0,4,0,3,0,5,0,4,0,3,0,4,0,5,0,3,0,4,0,4,0,4,0,5,0,3,0,4,0,4,0,3,0,5,0
Camden Lakeside Golf Club,NSW,Blue,Male,126,72,72,4,10,5,8,3,18,4,3,4,1,5,15,4,6,4,12,4,4,3,9,4,16,5,13,4,5,3,14,5,7,4,17,3,11,4,2
Camden Lakeside Golf Club,NSW,Blue,Female,139,78,72,4,0,5,0,3,0,4,0,4,0,5,0,4,0,4,0,4,0,3,0,4,0,5,0,4,0,3,0,5,0,4,0,3,0,4,0
Camden Lakeside Golf Club,NSW,Platinum,Male,130,74,72,4,0,5,0,3,0,4,0,4,0,5,0,4,0,4,0,4,0,3,0,4,0,5,0,4,0,3,0,5,0,4,0,3,0,4,0
Camden Lakeside Golf Club,NSW,Platinum,Female,138,77.7,72,4,0,5,0,3,0,4,0,4,0,5,0,4,0,4,0,4,0,3,0,4,0,5,0,4,0,3,0,5,0,4,0,3,0,4,0
Camden Lakeside Golf Club,NSW,Gold,Male,124,70,72,4,0,5,0,3,0,4,0,4,0,5,0,4,0,4,0,4,0,3,0,4,0,5,0,4,0,3,0,5,0,4,0,3,0,4,0
Camden Lakeside Golf Club,NSW,Gold,Female,134,75.8,72,4,0,5,0,3,0,4,0,4,0,5,0,4,0,4,0,4,0,3,0,4,0,5,0,4,0,3,0,5,0,4,0,3,0,4,0
Camden Lakeside Golf Club,NSW,Teal,Male,123,71.6,72,4,0,5,0,3,0,4,0,4,0,5,0,4,0,4,0,4,0,3,0,4,0,5,0,4,0,3,0,5,0,4,0,3,0,4,0
Camden Lakeside Golf Club,NSW,Teal,Female,119,67,72,4,0,5,0,3,0,4,0,4,0,5,0,4,0,4,0,4,0,3,0,4,0,5,0,4,0,3,0,5,0,4,0,3,0,4,0
Strathfield Golf Club,NSW,Blue,Male,133,75,71,5,14,3,12,5,16,4,8,3,18,3,10,4,6,5,4,4,2,3,17,5,15,4,5,3,1,4,13,5,7,3,11,4,9,4,3
Strathfield Golf Club,NSW,Blue,Female,135,76.4,71,5,0,3,0,5,0,4,0,3,0,3,0,4,0,5,0,4,0,3,0,5,0,4,0,3,0,4,0,5,0,3,0,4,0,4,0
Strathfield Golf Club,NSW,White,Male,131,70,71,5,0,3,0,5,0,4,0,3,0,3,0,4,0,5,0,4,0,3,0,5,0,4,0,3,0,4,0,5,0,3,0,4,0,4,0
Strathfield Golf Club,NSW,White,Female,135,75,71,5,0,3,0,5,0,4,0,3,0,3,0,4,0,5,0,4,0,3,0,5,0,4,0,3,0,4,0,5,0,3,0,4,0,4,0
Strathfield Golf Club,NSW,Red,Male,120,70.1,71,5,0,3,0,5,0,4,0,3,0,3,0,4,0,5,0,4,0,3,0,5,0,4,0,3,0,4,0,5,0,3,0,4,0,4,0
Strathfield Golf Club,NSW,Red,Female,130,73,71,5,0,3,0,5,0,4,0,3,0,3,0,4,0,5,0,4,0,3,0,5,0,4,0,3,0,4,0,5,0,3,0,4,0,4,0
Pennant Hills Golf Club,NSW,Blue,Male,126,69,71,5,9,4,3,5,13,3,15,5,11,3,5,4,1,4,7,3,18,4,2,4,4,5,17,4,6,3,14,4,16,4,12,4,8,3,10
Pennant Hills Golf Club,NSW,Blue,Female,119,71,71,5,0,4,0,5,0,3,0,5,0,3,0,4,0,4,0,3,0,4,0,4,0,5,0,4,0,3,0,4,0,4,0,4,0,3,0
Pennant Hills Golf Club,NSW,White,Male,126,73.4,71,5,0,4,0,5,0,3,0,5,0,3,0,4,0,4,0,3,0,4,0,4,0,5,0,4,0,3,0,4,0,4,0,4,0,3,0
Pennant Hills Golf Club,NSW,White,Female,132,75.1,71,5,0,4,0,5,0,3,0,5,0,3,0,4,0,4,0,3,0,4,0,4,0,5,0,4,0,3,0,4,0,4,0,4,0,3,0
Pennant Hills Golf Club,NSW,Red,Male,121,70.5,71,5,0,4,0,5,0,3,0,5,0,3,0,4,0,4,0,3,0,4,0,4,0,5,0,4,0,3,0,4,0,4,0,4,0,3,0
Pennant Hills Golf Club,NSW,Red,Female,125,71.7,71,5,0,4,0,5,0,3,0,5,0,3,0,4,0,4,0,3,0,4,0,4,0,5,0,4,0,3,0,4,0,4,0,4,0,3,0
Kellyville Country Golf Club,NSW,White,Male,0,0,63,3,0,4,0,3,0,4,0,3,0,4,0,4,0,3,0,4,0,4,0,3,0,4,0,3,0,3,0,4,0,3,0,3,0,4,0
Kellyville Country Golf Club,NSW,Red,Female,0,0,63,3,0,4,0,3,0,4,0,3,0,4,0,4,0,3,0,4,0,4,0,3,0,4,0,3,0,3,0,4,0,3,0,3,0,4,0
Shelly Beach Golf Club,NSW,Mens,Male,118,71,71,5,13,4,1,4,3,3,15,4,5,4,9,4,11,4,17,5,7,3,16,4,4,4,2,3,12,4,8,5,18,4,6,4,10,3,14
Shelly Beach Golf Club,NSW,Ladies,Female,133,75,71,5,0,4,0,4,0,3,0,4,0,4,0,4,0,4,0,5,0,3,0,4,0,4,0,3,0,4,0,5,0,4,0,4,0,3,0
Riverside Oaks (Bungool),NSW,Blue,Male,128,71.5,72,4,0,5,0,3,0,4,0,4,0,4,0,3,0,5,0,4,0,3,0,4,0,5,0,4,0,3,0,4,0,5,0,4,0,4,0
Riverside Oaks (Bungool),NSW,Blue,Female,134,76,72,4,0,5,0,3,0,4,0,4,0,4,0,3,0,5,0,4,0,3,0,4,0,5,0,4,0,3,0,4,0,5,0,4,0,4,0
Riverside Oaks (Bungool),NSW,White,Male,124,69.5,72,4,0,5,0,3,0,4,0,4,0,4,0,3,0,5,0,4,0,3,0,4,0,5,0,4,0,3,0,4,0,5,0,4,0,4,0
Riverside Oaks (Bungool),NSW,White,Female,129,74,72,4,0,5,0,3,0,4,0,4,0,4,0,3,0,5,0,4,0,3,0,4,0,5,0,4,0,3,0,4,0,5,0,4,0,4,0
Riverside Oaks (Bungool),NSW,Red,Male,121,70,72,4,0,5,0,3,0,4,0,4,0,4,0,3,0,5,0,4,0,3,0,4,0,5,0,4,0,3,0,4,0,5,0,4,0,4,0
Riverside Oaks (Bungool),NSW,Red,Female,125,72,72,4,0,5,0,3,0,4,0,4,0,4,0,3,0,5,0,4,0,3,0,4,0,5,0,4,0,3,0,4,0,5,0,4,0,4,0
Port Kembla Golf Club,NSW,White,Male,137,71.3,72,4,9,4,3,3,11,4,1,5,5,4,13,4,15,3,17,5,7,4,16,4,12,3,18,4,2,5,6,3,8,4,14,4,4,5,10
Port Kembla Golf Club,NSW,White,Female,138,77.8,72,4,0,4,0,3,0,4,0,5,0,4,0,4,0,3,0,5,0,4,0,4,0,3,0,4,0,5,0,3,0,4,0,4,0,5,0
Port Kembla Golf Club,NSW,Red,Male,123,71.8,72,4,0,4,0,3,0,4,0,5,0,4,0,4,0,3,0,5,0,4,0,4,0,3,0,4,0,5,0,3,0,4,0,4,0,5,0
Port Kembla Golf Club,NSW,Red,Female,135,75.4,72,4,0,4,0,3,0,4,0,5,0,4,0,4,0,3,0,5,0,4,0,4,0,3,0,4,0,5,0,3,0,4,0,4,0,5,0
Boomerang Farm Golf Course,NSW,Blue,Male,113,67,67,4,11,4,10,3,14,5,12,4,5,3,4,3,13,4,6,3,8,3,15,4,7,4,3,4,17,3,18,5,1,4,9,4,16,3,2
Boomerang Farm Golf Course,NSW,Blue,Female,113,67,67,4,11,4,10,3,14,5,12,4,5,3,4,3,13,4,6,3,8,3,15,4,7,4,3,4,17,3,18,5,1,4,9,4,16,3,2
Boomerang Farm Golf Course,NSW,Red,Male,113,67,67,4,11,4,10,3,14,5,12,4,5,3,4,3,13,4,6,3,8,3,15,4,7,4,3,4,17,3,18,5,1,4,9,4,16,3,2
Boomerang Farm Golf Course,NSW,Red,Female,113,67,67,4,11,4,10,3,14,5,12,4,5,3,4,3,13,4,6,3,8,3,15,4,7,4,3,4,17,3,18,5,1,4,9,4,16,3,2
Kareela Golf Club,NSW,Yellow,Male,113,61,65,3,9,3,11,4,6,4,4,4,5,4,8,4,15,3,18,3,17,3,2,4,1,3,13,5,10,4,14,4,12,4,3,3,7,3,16
Kareela Golf Club,NSW,Yellow,Female,109,65,66,3,9,3,11,4,6,4,4,4,5,4,8,4,15,3,18,3,17,3,2,4,1,3,13,5,10,4,14,4,12,4,3,3,7,4,16
Ocean Shores Country Club,NSW,Yellow,Male,124,70,72,5,10,4,4,3,8,5,16,4,2,3,14,4,12,3,18,5,6,5,15,4,3,4,1,4,7,4,13,3,17,4,5,3,11,5,9
Ocean Shores Country Club,NSW,White,Female,133,76,72,5,10,4,4,3,8,5,16,4,2,3,14,4,12,3,18,5,6,5,15,4,3,4,1,4,7,4,13,3,17,4,5,3,11,5,9
Mullumbimby Golf Club,NSW,Blue,Male,127,70,70,5,8,4,12,4,2,5,16,3,18,4,6,3,4,4,14,3,10,5,7,4,17,3,13,4,15,4,11,4,1,4,3,3,9,4,5
Mullumbimby Golf Club,NSW,Men White F9x2,Male,126,69,70,5,8,4,12,4,2,5,16,3,18,4,6,3,4,4,14,3,10,5,7,4,17,3,13,4,15,4,11,4,1,4,3,3,9,4,5
Mullumbimby Golf Club,NSW,White,Male,125,69,70,5,8,4,12,4,2,5,16,3,18,4,6,3,4,4,14,3,10,5,7,4,17,3,13,4,15,4,11,4,1,4,3,3,9,4,5
Mullumbimby Golf Club,NSW,Red,Male,118,66,70,5,8,4,12,4,2,5,16,3,18,4,6,3,4,4,14,3,10,5,7,4,17,3,13,4,15,4,11,4,1,4,3,3,9,4,5
Mullumbimby Golf Club,NSW,White,Female,128,74,71,5,7,4,9,5,15,5,4,3,12,4,2,3,13,4,11,3,17,5,6,4,16,3,18,4,10,4,8,4,1,4,3,3,14,4,5
Mullumbimby Golf Club,NSW,Red F9x2,Female,121,72,71,5,7,4,9,5,15,5,4,3,12,4,2,3,13,4,11,3,17,5,6,4,16,3,18,4,10,4,8,4,1,4,3,3,14,4,5
Mullumbimby Golf Club,NSW,Red,Female,120,70,71,5,7,4,9,5,15,5,4,3,12,4,2,3,13,4,11,3,17,5,6,4,16,3,18,4,10,4,8,4,1,4,3,3,14,4,5
Mullumbimby Golf Club,NSW,Purple,Female,111,68,71,5,7,4,9,5,15,5,4,3,12,4,2,3,13,4,11,3,17,5,6,4,16,3,18,4,10,4,8,4,1,4,3,3,14,4,5
Teven Golf Club,NSW,18 Hole,Male,107,58,58,3,4,4,8,3,6,4,16,3,12,4,15,4,13,3,17,3,1,3,9,3,3,3,11,3,10,3,14,3,7,3,5,3,18,3,2
Teven Golf Club,NSW,18 Hole,Female,107,61,58,3,4,4,8,3,6,4,16,3,12,4,15,4,13,3,17,3,1,3,9,3,3,3,11,3,10,3,14,3,7,3,5,3,18,3,2
Coolangatta and Tweed Heads Golf Club,NSW,Blue,Male,129,72,72,5,12,4,16,3,18,4,2,4,14,5,8,3,10,4,6,4,4,3,15,4,13,4,11,4,5,5,17,4,1,4,3,3,7,5,9
Coolangatta and Tweed Heads Golf Club,NSW,White,Male,128,71,72,5,12,4,16,3,18,4,2,4,14,5,8,3,10,4,6,4,4,3,15,4,13,4,11,4,5,5,17,4,1,4,3,3,7,5,9
Coolangatta and Tweed Heads Golf Club,NSW,Yellow,Male,125,70,72,5,12,4,16,3,18,4,2,4,14,5,8,3,10,4,6,4,4,3,15,4,13,4,11,4,5,5,17,4,1,4,3,3,7,5,9
Coolangatta and Tweed Heads Golf Club,NSW,Red,Male,122,69,72,5,12,4,16,3,18,4,2,4,14,5,8,3,10,4,6,4,4,3,15,4,13,4,11,4,5,5,17,4,1,4,3,3,7,5,9
Coolangatta and Tweed Heads Golf Club,NSW,White,Female,133,76,72,5,10,4,4,3,8,5,16,4,2,3,14,4,12,3,18,5,6,5,15,4,3,4,1,4,7,4,13,3,17,4,5,3,11,5,9
Coolangatta and Tweed Heads Golf Club,NSW,Red,Female,128,74,73,5,8,4,10,3,16,4,4,4,14,5,12,3,18,4,2,4,6,3,15,4,11,4,7,4,5,5,9,5,13,4,3,3,17,5,1
Club Banora Golf Club,NSW,Blue,Male,133,69,71,5,1,3,17,4,16,4,3,4,14,4,9,3,10,5,12,4,6,5,2,3,8,3,11,4,4,4,15,4,7,3,18,4,5,5,13
Club Banora Golf Club,NSW,White,Male,123,68,71,5,1,3,17,4,16,4,3,4,14,4,9,3,10,5,12,4,6,5,2,3,8,3,11,4,4,4,15,4,7,3,18,4,5,5,13
Club Banora Golf Club,NSW,Red,Female,121,73,73,5,1,3,13,4,18,4,2,4,9,4,7,3,16,5,8,5,12,5,4,3,14,3,17,4,5,4,11,4,3,3,15,5,10,5,6
Murwillumbah Golf Club,NSW,Blue Flood,Male,135,72,72,3,15,5,13,4,11,4,5,5,7,4,3,4,1,3,9,4,17,3,16,5,14,4,12,4,6,5,8,4,4,4,2,3,10,4,18
Murwillumbah Golf Club,NSW,White Flood,Male,131,70,72,3,15,5,13,4,11,4,5,5,7,4,3,4,1,3,9,4,17,3,16,5,14,4,12,4,6,5,8,4,4,4,2,3,10,4,18
Murwillumbah Golf Club,NSW,Blue TEMP,Male,125,69,72,3,15,5,13,4,11,4,5,5,7,4,3,4,1,3,9,4,17,3,16,5,14,4,12,4,6,5,8,4,4,4,2,3,10,4,18
Murwillumbah Golf Club,NSW,White TEMP,Male,119,68,72,3,15,5,13,4,11,4,5,5,7,4,3,4,1,3,9,4,17,3,16,5,14,4,12,4,6,5,8,4,4,4,2,3,10,4,18
Murwillumbah Golf Club,NSW,Red,Male,118,68,72,3,15,5,13,4,11,4,5,5,7,4,3,4,1,3,9,4,17,3,16,5,14,4,12,4,6,5,8,4,4,4,2,3,10,4,18
Murwillumbah Golf Club,NSW,Red Flood,Female,134,75,72,3,17,5,7,4,11,4,13,5,1,4,3,4,5,3,15,4,9,3,18,5,8,4,12,4,14,5,2,4,4,4,6,3,16,4,10
Murwillumbah Golf Club,NSW,White,Female,132,78,72,3,17,5,7,4,11,4,13,5,1,4,3,4,5,3,15,4,9,3,18,5,8,4,12,4,14,5,2,4,4,4,6,3,16,4,10
Murwillumbah Golf Club,NSW,Red F9x2,Female,125,73,72,3,17,5,7,4,11,4,13,5,1,4,3,4,5,3,15,4,9,3,18,5,8,4,12,4,14,5,2,4,4,4,6,3,16,4,10
Murwillumbah Golf Club,NSW,Red TEMP,Female,119,71,72,3,17,5,7,4,11,4,13,5,1,4,3,4,5,3,15,4,9,3,18,5,8,4,12,4,14,5,2,4,4,4,6,3,16,4,10
